author,category,description,link,title
未来汽车日报,内容,"<p>编者按：本文来自36氪「<a href=""https://auto-time.36kr.com/p/401511826685955"" target=""_blank"">未来汽车日报</a>」（微信公众号ID：auto-time），作者：张一。</p><p>作者 | 张一</p><p>编辑 | 吴岩</p><p>时隔多年，“一辈子都在做车”的邬学斌再次与奇瑞汽车结缘，更像是一场顺理成章的“久别重逢”。&nbsp;</p><p>今年9月初，此前担任宝能汽车前副总裁兼研发院院长的邬学斌加入奇瑞，负责智能汽车业务，出任奇瑞雄狮科技总经理一职。</p><p>34年前，20岁的邬学斌毕业于合肥工业大学的前身—安徽工程院汽车工程专业，并在这里结识了后来带领奇瑞跻身自主品牌排头兵的尹同跃。同样巧合的是，邬学斌的老家，就在距离奇瑞总部芜湖不远的安徽省太湖县。&nbsp;</p><p>1959年，邬学斌出生6年前的五一劳动节，坐落在芜湖的江南汽车修理厂推出了一款“鸠江”牌轿车，埋下了芜湖汽车工业最早的一颗种子。&nbsp;</p><p>“鸠江”之名取自芜湖古称“鸠兹”和“长江”。鸠兹是芜湖的象征，也是芜湖最早的故址名。据《左传》记载，鸠兹城址位于水阳江南岸一带侵蚀残丘向北延伸的尽头。这里湖沼丛生，鸠鸟云集，这段水阳江彼时是一条重要的东西交通水道，西连长江、东通太湖。</p><p>“我从小在太湖边上长大。上学时很调皮，学习不怎么上心，当时我的中学班主任对我期望非常高，被我的调皮气得不轻。”邬学斌在接受未来汽车日报（ID：auto-time）采访时回忆道，“真的没想到，自己做了一辈子技术，而且是汽车最前沿的技术。”&nbsp;</p><p>走出大学校门后，邬学斌经历了两次重要的人生抉择。一次是26岁时走出国门，一次是38岁的回国选择。&nbsp;</p><p>1991年，26岁的邬学斌辞去安徽交通厅的工作，远赴美国底特律韦恩州立大学攻读机械工程和工商行政管理专业硕士。那是他“人生中最大的一次转折”。</p><p>因为未做好充分准备，邬学斌在美国吃了不少苦头。“一天做3份兼职，早上6点多就爬起来给人刷房子，我眼睛左边是平的。”邬学斌用左手指着左颧骨的位置解释道，“是在美国给人刷房子的时候掉下来摔的，这块骨头已经摔断了。”那时年轻，他连什么是害怕都不知道。</p><p>几乎是在同一时间，中国的汽车工业逐渐走上正轨。东风汽车与法国雪铁龙合资成立的神龙汽车诞生，大众捷达在一汽大众工厂下线，北京吉普、天津夏利和天津大发跑在各个城市的大街小巷。中国汽车年产量达到了70万辆左右，年增长率高达40%。芜湖则以大洋彼岸邬学斌所在的“汽车之城”底特律为目标，提出了建设汽车城的计划。</p><p>1994年，邬学斌毕业后来到美国通用公司福尔德底盘分部担任工程师，芜湖的汽车工业正顶着技术、资金和人才的多重困境，艰难地摸索前行。</p><p>90年代中期，芜湖汽车厂与三九集团合作失败，与一汽集团共同成立的合资公司一汽扬子底盘厂遇挫，一汽退出合作。缺技术、缺资金、缺人才的芜湖汽车厂将“缺什么拿什么”视为发展汽车产业的“出路”，“挖”来了当时在一汽做车间主任的尹同跃。</p><p>尹同跃带着芜湖市政府批下来的30万元资金，从一个废弃的茅草屋砖瓦厂开始摸索造车。期间，奇瑞曾试图斥资2980万美元买下美国福特的发动机生产线，但最后合作未果，奇瑞不得不自己动手研发。</p><p>发动机点火之后，2000年，在一汽和东风汽车碰壁的奇瑞，经多番努力获得上汽集团“许可”，拿到了汽车“准生证”。</p><p>奇瑞汽车车尾挂上“上汽奇瑞”腾飞的3年，邬学斌正在美国福特汽车公司担任整车性能高级工程师的职务。但即使身在国外，他一直关注国内汽车发展，特别是老朋友尹同跃一手创立的奇瑞汽车。</p><p>2003年3月1日，奇瑞第10万台轿车下线。同月，邬学斌辞掉了在美国福特的工作，并于同年4月加入奇瑞，担任汽车研究院车型发展部部长和试制试验部部长。&nbsp;</p><p>“我赶上了留学的尾巴，但是站在了回国的浪头。”邬学斌笑着总结道。</p><p><img src=""https://img.36krcdn.com/20191011/v2_1570778230303_img_000"" data-img-size-val=""1920,1280""/></p><p label=""图片描述"" classname=""img-desc"" class=""img-desc"">奇瑞雄狮科技总经理邬学斌 来源：受访者供图</p><p>归国十几年后，曾先后供职于北汽福田、北汽集团、百度自动驾驶事业部和宝能汽车的邬学斌，兜兜转转又回到了奇瑞。近年来，奇瑞一直在通过体系调整、技术投入等方式试图重回中国自主品牌销冠宝座。智能网联的汽车产业变革，则是其正在努力抓住的重要机遇。</p><p>早在9年前，奇瑞便开始研发汽车智能互联技术。2017年11月，奇瑞智能化转型提速，成立智能汽车事业群及麾下五大部门，并提出了“奇瑞雄狮”智能化战略。 &nbsp;</p><p>在今年6月举办的奇瑞雄狮生态联盟大会上，奇瑞汽车董事长尹同跃再次强调了奇瑞雄狮的战略地位。他表示，“作为集团业务的第七大板块，奇瑞雄狮代表着奇瑞的未来。”此次由邬学斌执掌这一重要业务板块，或许意味着奇瑞将加速布局智能化。&nbsp;</p><p>近日，邬学斌走马上任后首次在媒体面前公开发声。在接受未来汽车日报（ID：auto-time）专访时，邬学斌讲述了他从主机厂“跨界”到互联网公司，再从互联网公司回到主机厂的经历，并分享了他对奇瑞智能汽车发展的规划，及对自动驾驶的看法。&nbsp;</p><h3 label=""二级标题"">以下是未来汽车日报（ID：auto-time）与邬学斌的对话内容：</h3><p><strong>未来汽车日报：您从主机厂进入互联网公司，现在又回到主机厂，是出于什么样的考虑？一路走来感触如何？</strong></p><p><strong>邬学斌：</strong>我去哪儿都是为了做车，一辈子都是在做车。当时去百度是因为百度要做无人车，去探索汽车新技术。我在百度学到了很多东西，但百度后来就不做整车了，着重做阿波罗平台。&nbsp;</p><p>智能化、电动化和共享化确实给传统汽车带来了很大影响，但这个影响并不是颠覆性的。车还是车，只是从传统的机电一体化变成信息化软件一体化。做汽车是件严肃的事，每一个部件都不容疏忽。我认为，汽车行业需要有汽车工业沉淀的人。</p><p><strong>未来汽车日报：在当前的电动化、智能网联环境下，您认为奇瑞雄狮的智驾、智云、智造、智赢、智行这五个业务板块需要作出怎样的调整？</strong></p><p><strong>邬学斌：</strong>尹总（奇瑞汽车董事长尹同跃）对雄狮科技的规划非常好，这五个业务分别涵盖了汽车行业几个大的方面。智云指的是车联网，智驾指的是自动驾驶，这两者体现了汽车产品端的变化。智赢是指后端的平台，是大数据层面的。智造是整个汽车公司层面的智能化，不仅是生产环节的智能化、信息化，还包括客户信息反馈到企业内部之后为下一代汽车的设计提供依据。智行指的是智能出行。目前，智造和智行这两块业务还没有完全启动。&nbsp;</p><p>智云、智驾、智赢这三个业务板块没有特别的优先顺序。从产业角度来看，现在很多公司的车联网已经做得比较成熟了，奇瑞处于行业追赶者的位置。而在自动驾驶和大数据方面，各家仍在比拼阶段，目前对于行业中的公司来说，技术路线的选择非常重要。如果技术路线选错了，做得越多，错得越多。</p><p><strong>未来汽车日报：自动驾驶投入大周期长而且落地难，“奇瑞雄狮”的自动驾驶业务打算怎么做？</strong></p><p><strong>邬学斌：</strong>自动驾驶业务方面，我们遵循从低速到高速发展的路径，主打L4级自动驾驶，不开发L3级自动驾驶，先进行低速L4级自动驾驶的商业落地。</p><p>以现在的算力水平，低速的L4级自动驾驶（30公里/小时）是可以实现的。主要应用场景有场区内的通勤车、机场的摆渡车、码头的装运车及停车场的自主泊车等。停车场的自主泊车是刚需。（实现这一目标）需要在停车位上加一些定位的传感器，用作V2X识别，比如车到了地下之后没有信号了，需要Wi-Fi来定位识别。在停车场端，如果是400个停车位的停车场，粗略估计，改造大概需要32万元。</p><p>现在我们自主泊车的成本是单车8000元，2020年可以实现产业化，未来预计成本还有进一步降低的空间，我们的目标是做到5000元以内。现在是先做停车场的后装，再做车载前装，已经在与多个城市沟通合作。</p><p><strong>未来汽车日报：与竞争对手相比，奇瑞雄狮科技低速L4自动驾驶的优势是什么？&nbsp;</strong></p><p><strong>邬学斌：</strong>自动驾驶业务的比拼有两点，一是成本，二是可靠性。奇瑞雄狮这套系统最大的优势就是成本优势，简单来讲是通过对车辆的精确算法实现的，我们对汽车制动系统、转向系统的积累更深，更熟悉每个系统的特征曲线。</p><p>这块业务是雄狮智驾在做。自动驾驶开发团队中，来自主机厂的人占三分之一，来自计算机专业的占二分之一，其余是从供应商过来的。&nbsp;</p><p><strong>未来汽车日报：下一步关于车联网有什么样的规划？</strong></p><p><strong>邬学斌：</strong>车联网方面，我们需要先落地车和网的连接，之后是车和车相连，车和路相连。车和网的连接是指把互联网上的内容“搬”到车上，让用户在车上的交互服务，跟他们直接操作手机、使用电脑的体验感相近。这部分市场上技术已经很成熟了，但是体验的满意度不一致。</p><p><strong>未来汽车日报：车联网和自动驾驶方面哪些具体业务会自己做？哪些会开放合作？</strong></p><p><strong>邬学斌</strong>：车联网业务大部分采取合作模式，合作伙伴来自我们的生态联盟。福特创始人说过，选择了汽车就是选择了合作。</p><p>车联网的数据平台我们会自己做，端口自己开发，比如到底是用手势、键盘还是语音控制，这些需要我们来定义。另外，个别的应用也会自己做，但是绝大部分应用都是合作，比如新闻、音乐、导航、地图等。车联网主要分在智云下面，大概有100多名开发人员，主要是南京和上海的两个团队。&nbsp;</p><p>自动驾驶方面，奇瑞雄狮智驾主要做主控制器，也就是信息全部集中起来之后如何发出指令来执行。其他各种传感器及传感器中的数据处理主要是和供应商合作，比如摄像头技术等。</p><p>另外，操作系统奇瑞也在做，但是我们不做底层操作系统，只做应用层。未来我们在底层操作系统选择上还是以Linux操作系统作为首选，安卓系统也会考虑。其实安卓也是Linux上面开发的，这两个操作系统的核心是一样的。是否选择安卓要看政策，如果未来使用安卓操作系统的限制较高，使用起来肯定会受到影响。</p><p><strong>未来汽车日报：华为在今年上半年加入了奇瑞雄狮的智行者伙伴计划，目前合作取得了哪些成果？奇瑞雄狮与百度未来在自动驾驶领域有哪些合作的可能？</strong></p><p><strong>邬学斌：</strong>奇瑞雄狮与华为合作的产品正在开发中，主要是车联网方面，预计明年会在开始应用。&nbsp;</p><p>百度在车联网和自动驾驶方面入局时间早，投入也很大，未来肯定是奇瑞雄狮非常重要的合作伙伴，具体的合作方案目前正在制定。我们与百度的合作方式还会考虑到奇瑞车主的特点，比如车主对投资相关的服务需求并不大，对娱乐服务的呼声更高，我们会根据实际情况进行一些功能的选装和定制。</p><p>百度的车联网已经与奇瑞建立整车方面的合作，下一步如何与雄狮进行深一步的合作，还要继续探讨。</p><p><strong>未来汽车日报：您认为L4级自动驾驶什么时候能实现？有哪些难点？</strong></p><p><strong>邬学斌：</strong>主要有两个方面的难点，一是算力，二是成本。</p><p>首先，计算机的计算能力需要取得突破性的提高，不是提高10%或者50%，而是需要1倍、2倍、5倍甚至上百倍的提升。现在0101的计算速率是有限的，L4级自动驾驶要求整个计算循环要在15mm内。这里的15mm指的是，从看到紧急情况出现到反应出需要踩刹车这个过程，需要在15mm之内完成。而完成计算过程到行为执行之间的指令，还需要通过底盘的设计实现。&nbsp;</p><p>其次，现有的传感器成本还得降低才行。以一辆30万元的车来计算，这套传感器的成本整体下来不能超过整车价格的10%，也就是3万元，包括所有的感知系统传感器、计算系统（芯片）以及定位系统、散热系统等。我认为传感器价格需要降低到5万元以内，才具备产业化的成本要求。现在大概在20万元左右，起码也要十多万元。</p><p><strong>未来汽车日报：特斯拉的算力处于什么水平？它的传感器在在成本上具备产业化落地的可能吗？</strong></p><p><strong>邬学斌：</strong>特斯拉的算力也没有达到L4级自动驾驶级别，现在所有芯片都还是使用“0101”的逻辑，这个逻辑的算力是有限的，不能满足L4级自动驾驶的需要。</p><p>特斯拉的传感器系统不是采用激光雷达，而是摄像头，这就控制了成本。在雷达选择上，我认为旋转式激光雷达前景不大，它在颠簸的动态路况中实用性不高，未来固态雷达的应用价值更高。&nbsp;</p><p><strong>未来汽车日报：目前车路协同处于什么样的发展阶段？还需要哪些方面的努力？&nbsp;</strong></p><p><strong>邬学斌：</strong>车路协同方面现在有两种不同的技术路线。一种是单车自主，车本身通过传感器进行自主判断（自动驾驶）。另一种是云端智慧，将高精地图、超算能力放在云端，通过5G等技术实现云端指挥车辆。我比较倾向于单车自主路线，车的自主性是基础，然后再配合云端的支持，比如车路协同、车车通讯等。</p><p>另外，采用车道线识别主要是为了确定车辆所在的位置。但是车道线定位有明显的局限性，它不能作为主定位，只能是辅助定位。目前GPS也不能作为主定位，在山洞、隧道等特殊场景，GPS定位也是失灵的。</p><p>我比较推崇激光雷达定位。激光雷达是三维定位，可以确定唯一的位置，而且精度非常高，可以通过激光雷达与高精地图结合确定位置。</p><p><strong>未来汽车日报：您认为未来的汽车和交通会是什么样的？&nbsp;</strong></p><p><strong>邬学斌：</strong>这里首先要强调两点。第一，不要把新技术的出现和应用混为一谈，从样车做出来到实际应用需要很长的时间。第二，汽车一定是新技术不断变革的载体，未来的汽车是更安全、更环保、更节能和更智慧的，而且强调服务功能。</p><p>比如，未来的智能红绿灯会成为一个传感器，当车辆进入靠近红绿灯一定范围时，红绿灯可以控制车辆行驶，根据提前写入的规则计算并操控车辆通过的优先顺序和速度。到那时，如果你在路口把油门当刹车踩错，汽车并不会前行。这种场景的产业化会很快发生。</p><p><strong>未来汽车日报：2003年为何决定从美国回来？</strong></p><p><strong>邬学斌</strong><strong>：</strong>在国外工作的那些年里，我一直都很关注国内汽车的发展，奇瑞汽车的整个发展过程我都一直在关注。那几年，每年中国汽车代表团访问底特律的时候，我们都会负责接待，当时跟国内汽车行业的接触和互动非常多，当时就有考虑回来，但是还没有完全决定。&nbsp;</p><p>非要说契机的话，应该是在2002年10月31日，当时胡茂元（时任上汽集团总裁）来底特律做演讲。演讲结束后，我认真地跟他说我想考虑回来，他的态度很积极。我意识到，国内汽车行业是需要我的，即便是降薪幅度很大也要回来，值得。我回国的时候根本没期望工资要跟美国一样高，主要是看好国内市场。</p><p><strong>未来汽车日报：那时候在美国是一种什么样的生活状态？回来之后有后悔过吗？&nbsp;</strong></p><p><strong>邬学斌：</strong>那时候大家在美国的日子过得都很好，洋房有了，汽车开上了，要么拿到绿卡，要么在拿到绿卡的路上，孩子上学了，自己工作也稳定了，休息日开始打高尔夫了，开始谈论到哪儿休假了。但就是在那个时候，我决定回国了。出国留学的时候，我赶上了留学的尾巴，但回国我赶上了浪头，是第一批从底特律回来的。&nbsp;</p><p>能为祖国贡献自己的绵薄之力，我不后悔。回来的这十几年，我培养了团队，建立了不少体系，能为祖国的汽车发展留下一些东西，这是很值得的。&nbsp;</p><p>只是有两个遗憾。一是自己和家人在一起的时间短了，我回国那年女儿在读高中，陪伴的时间少了。二是自己身体上的付出和精力的消耗，现在头发白了不少。不过如果不回来，也很可能愁白了头。</p><p><strong>未来汽车日报：您认为车市寒冬什么时候会结束？拐点将在什么时候到来？</strong></p><p><strong>邬学斌：</strong>目前国内的汽车行业发展遇到了一些困难，这是正常的，处在调整期，我不认为这是冬天。汽车行业是一个周期性的行业，在低谷期我们应该为下一个阶段的崛起做积累。至于崛起的时间是什么时候，要看宏观经济的发展。当消费者认为自己会有钱的时候，就会去消费，就会买车。</p><p><br/></p><p>（我是36氪未来汽车日报作者张一，关注汽车、自动驾驶及共享出行动态，欢迎爆料和交流。我的微信是 ro20110723，添加请备注姓名、职位、公司。）</p><p><img src=""https://img.36krcdn.com/20191011/v2_1570778349976_img_000"" data-img-size-val=""900,500""/></p>
      ",http://36kr.com/p/5255395.html?ktm_source=feed,"专访 | 奇瑞智能业务掌门人：智能化会带来汽车行业新模式
      "
36氪每日商业精选,,"<p>文 | 36氪每日商业精选<br/></p><h2 class=""ql-long-13011303""></h2><h3 label=""二级标题"">氢燃料电池汽车的补贴政策将按期退出，时间或在2020年后</h3><p>近日，财政部在答复上汽集团董事长陈虹有关燃料电池汽车产业发展的建议时提到，国家针对燃料电池汽车行业的购置税补贴政策应当按照既定规划完成退出。</p><p>财政部此前等印发的《关于免征新能源汽车车辆购置税的公告》曾明确，对燃料电池新能源车的免征购置税优惠持续至2020年12月31日。今年3月的补贴新政大幅削减了针对纯电动和插电式混动汽车的税收优惠，燃料电池汽车则不在此次补贴退坡的范围之内。上述答复意味着，氢燃料电池汽车所能享受的补贴优惠或将只持续到2020年。</p><p>中央财政自2009年以来开始对新能源汽车予以补贴，包括纯电动、插电混动和燃料电池汽车。但是目前...</p><blockquote><p><strong>主编点评：和纯电动汽车一样，政府补贴对促进氢燃料电池汽车行业初期快速发展有刺激作用，但必然不是行业发展的长久之计...</strong></p></blockquote><h3 label=""二级标题"">7-11将关闭千家门店，但便利店的春风还在拂面</h3><p>日前，日本最大便利店7-11母公司Seven &amp; i Holdings Co宣布计划进行大规模调整，至2022年裁员4000人，旗下7-11便利店、伊藤洋华堂、SOGO西武的店铺数量也将调整。其中，公司将关闭或迁移约1000家7-11便利店，日本民众消费欲望减弱、人口红利衰减、同行竞争压力等都影响到了7-11的经营。</p><p><span style=""font-family: &quot;PingFang SC&quot;, &quot;Lantinghei SC&quot;, &quot;Helvetica Neue&quot;, Helvetica, Arial, &quot;Microsoft YaHei&quot;, 微软雅黑, STHeitiSC-Light, simsun, 宋体, &quot;WenQuanYi Zen Hei&quot;, &quot;WenQuanYi Micro Hei&quot;, sans-serif;"">与罗森、全家并称为便利店领域三大外资巨头的7-11，扩张速度极快，在全球开店最多，也最早进驻中国市场。截至2019年5月底，7-11全球店铺总数共有6.86万，日本店铺数量超过2万。10月10日Seven&amp;i Holdings公布的2019财年中期业绩显示，公司净收入1106亿日元，创历史新高，7-11是主要推动力。</span><br/></p><p><span style=""font-family: &quot;PingFang SC&quot;, &quot;Lantinghei SC&quot;, &quot;Helvetica Neue&quot;, Helvetica, Arial, &quot;Microsoft YaHei&quot;, 微软雅黑, STHeitiSC-Light, simsun, 宋体, &quot;WenQuanYi Zen Hei&quot;, &quot;WenQuanYi Micro Hei&quot;, sans-serif;"">但是，7-11的生意越来越不好做了...</span><br/></p><blockquote><p><strong>主编点评：目前，本土便利店仍在各自区域内竞争，跨区域的龙头企业尚未出现。虽说便利店的线下流量受资本青睐，但新风口下的风险也不小</strong></p></blockquote><address><p><a href=""https://36kr.com/coupons/single?id=220?ktm_source=kk_feed101403_36krdaily"" target=""_blank"">本文来自36氪付费栏目《36氪每日商业精选》——10月14日<br/></a></p><p><a href=""https://36kr.com/coupons/single?id=220?ktm_source=kk_feed101403_36krdaily"" target=""_blank"">每天不到1元，深度资讯+主编点评，省时省心高效阅读</a></p><p><a href=""https://36kr.com/coupons/single?id=220?ktm_source=kk_feed101403_36krdaily"" target=""_blank"">【限时彩蛋】戳此订阅，立减10元&gt;&gt;</a></p></address><h3><a href=""https://36kr.com/goods/p/5255330?ktm_source=kk_1014content3_36krdaily"" target=""_blank"">已购用户戳此查看完整内容或听完整音频&gt;</a></h3><p><a href=""https://36kr.com/goods/p/5254026?ktm_source=kk_1010content3_36krdaily""></a></p><p><a href=""https://36kr.com/goods/p/5255330?ktm_source=kk_1014content3_36krdaily"" target=""_blank""><img src=""https://pic.36krcnd.com/201910/14103056/2ql6lprcd86tv0q2.png!heading"" data-img-size-val=""720,1753""/></a></p><p><a href=""https://36kr.com/goods/p/5254026?ktm_source=kk_1010content3_36krdaily""></a><br/></p><p><a href=""https://36kr.com/coupons/single?id=220?ktm_source=kk_feed101403_36krdaily"" target=""_blank""><img src=""https://pic.36krcnd.com/201906/12101128/q0fwdgyep9jnhcuw.png!1200"" data-img-size-val=""720,3783""/></a></p><p><br/></p>
      ",http://36kr.com/p/5255331.html?ktm_source=feed,"深度资讯 | 氢燃料电池汽车的补贴政策将按期退出，时间或在2020年后
      "
未来汽车日报,内容,"<p>编者按：本文来自36氪「<a href=""https://auto-time.36kr.com/p/405920543145988"" target=""_blank"">未来汽车日报</a>」（微信公众号ID：auto-time），作者：张一。</p><p><img src=""https://img.36krcdn.com/20191014/v2_1571047384463_img_000"" data-img-size-val=""988,856""/></p><p>作者 | 张一</p><p>编辑 | 吴岩</p><p>在传统的汽车销售旺季，被期待已久的“金九”出现销量环比微涨，但中国车市的下行趋势并没有踩下刹车。</p><p>10月14日，中国汽车工业协会（以下简称“中汽协”）发布最新汽车工业产销情况。数据显示，9月汽车产销量分别完成220.9万辆和227.1万辆，环比分别增长11%和16%，同比分别下降6.2%和5.2%。其中，9月产量降幅环比扩大5.7个百分点，销量降幅环比缩小1.7个百分点。</p><p>2018年，中国汽车市场迎来28年以来首次销量负增长。进入2019年，车市并未出现止跌迹象。截至今年10月，中国汽车市场已连续15个月出现销量下滑。</p><p>中汽协数据显示，今年1-9月，汽车产销分别完成1814.9万辆和1837.1万辆，产销量较上年同期分别下降11.4%和10.3%。据中汽协统计结果，2019年第三季度，汽车产业景气指数ACI为9，较2019年第二季度降低3点，仍处于“过冷”区间。</p><p>中汽协助理秘书长徐海东表示，9月销量降幅收窄主要由于两个方面的原因，一是去年7月开始车市下行，基数较低；二是国五国六切换等不利市场因素正在出清。但从整体来看，汽车市场环境并没有真正回暖，预计明年还将处于下滑状态。</p><p>关于今年第四季度车市预期，他表示“我们还是抱有信心，不认为销量会继续下探”，预计四季度下滑幅度不会低于10.3%（今年1-9月汽车销量同比下滑幅度）。</p><p>对此，中汽协副秘书长师建华认为，中国汽车市场的负增长是肯定的，之前预期的2019年销量5%的负增长也是一个相对乐观的判断。在没有明显的拉动市场的政策出台、落地的情况下，今年汽车销量很有可能出现6%甚至7%的同比降幅。</p><h3 class=""ql-long-4428907""><p>新能源汽车产销双滑坡</p></h3><p>9月，新能源汽车细分市场产销量同比下滑明显。自今年7月新能源汽车产销量首次同时踩下“急刹车”之后，这已是新能源汽车产销连续第三个月同比双双下滑。</p><p>中汽协数据显示，9月，新能源汽车产销分别完成8.9万辆和8万辆，同比分别下滑29.9%和34.2%，较上月的12.1%和15.8%下滑幅度明显扩大。今年1-9月，新能源汽车产销分别完成88.8万辆和87.2万辆，同比分别增长20.9%和20.8%，累计增长率滑坡。</p><p>电动车巨头比亚迪最新公布的销量数据显示，比亚迪新能源车型9月销量达到13048辆，同比下降47.84%，环比下降18.2%，连续3个月出现销量下滑。截至9月底，比亚迪只完成其新能源汽车年度销量目标（42万）的45.86%。</p><p>此外，今年9月，中国动力电池装车量共计4.0GWh，同比下降30.9%，较8月同比降幅扩大13.8个百分点。</p><p>徐海东分析认为，新能源汽车销量下滑主要有3个方面的原因。一方面，新能源汽车销量下滑和补贴退坡有很大的关系。第二，从消费者方面看，由于国五国六切换，国五车型表现出更高的性价比，这对新能源汽车产生一定影响，抢夺了部分消费者。</p><p>此外，他还表示，补贴退坡对新能源生产企业来说意味着亏损扩大，补贴退坡之后，企业生产新能源汽车的目的更多地是出于积分的考虑，大规模促销新能源汽车的积极性和力度也有所降低。</p><h3 class=""ql-long-4428907""><p>“求生”成为自主品牌首要任务</p></h3><p>除了被视为车市亮点的新能源汽车增速降温，自主品牌也在寒冬中迎来大考。随着合资车企品牌向下布局入门级市场，自主品牌份额逐渐被挤压。</p><p>中汽协数据显示，9月，自主品牌乘用车共销售72.7万辆，环比增长18.4%，同比下降9.8%，占乘用车销售总量的37.7%，市场占有率环比提升0.5个百分点，同比下降1.5个百分点。</p><p>今年1-9月，中国品牌乘用车共销售590.3万辆，同比下降18.5%，占乘用车总销售的38.7%，占有率比上年同期下降3.3个百分点。</p><p>长城汽车是国内为数不多实现自主品牌同比销量增长的车企之一。长城汽车公布的9月销量数据显示，其旗下四大品牌9月共销售新车10万辆，环比增长42.48%，同比增长15.33%。</p><p>不仅是长城，奇瑞和长安的自主品牌也交出了满意的“成绩单”。据奇瑞集团最新销量数据，奇瑞自主品牌车型9月销量达到57959辆，环比增长12.1%，同比增长10%。据乘联会统计数据，长安自主品牌今年9月销量同比增长26%达11.6万辆辆。</p><p>然而，第三季度以来，不少车企持续低于盈亏平衡点。10月初，华泰汽车等四家车企被传年底将进入破产程序，或将涉及上下游汽配供应商产业链500亿元坏账。目前，上述四家车企经营情况均已出现不同程度的危机。</p><p>徐海东表示，今年中国汽车市场进入了关键时期，更加考验车企产品的性价比，自主品牌将与合资品牌展开全面竞争，自主品牌要尽快找到自己的定位。</p><p>“2019年一定是汽车产业接受‘大考’的一年。”师建华分析称，中国无论是造车新势力还是自主品牌，都进入到了整合的阶段，应该思考如何在这个市场中找到自己的优势力求存活下来，或者通过与优势品牌整合找到在市场中的竞争优势。</p><p><img src=""https://img.36krcdn.com/20191014/v2_1571047422236_img_000"" data-img-size-val=""900,500""/></p>
      ",http://36kr.com/p/5255394.html?ktm_source=feed,"中国车市迎大考：“金九”下行持续，“银十”不容乐观
      "
未来汽车日报,内容,"<p>编者按：本文来自36氪「<a href=""https://auto-time.36kr.com/p/405919544131587"" target=""_blank"">未来汽车日报</a>」（微信公众号ID：auto-time），作者：潘磊。</p><p><img src=""https://img.36krcdn.com/20191014/v2_1571047170564_img_jpg"" data-img-size-val=""900,500""/></p><p>整理：潘磊</p><h3 label=""二级标题"" style="""">头条</h3><p><strong>贾跃亭正式申请个人破产重组，方案落地后将不再持有FF股权</strong></p><p>10月14日，贾跃亭确认申请个人破产重组及成立债权人信托。官方表示，作为个人破产重组方案的一部分，由债权人组成的委员会及信托受托人控制和管理的债权人信托也将同时设立，美国法院认定的贾跃亭全部资产和相关收益也将会通过这种方式转让给债权人。该方案完成后，贾跃亭将不再持有任何法拉第未来（FF）的股权。 此外，官方强调，此前已经陆续偿还了超过30亿美元。（未来汽车日报）</p><h3 label=""二级标题"" style="""">精选</h3><p><strong>中汽协：9月汽车销量227.1万辆，环比增长16%</strong></p><p>10月14日，中汽协发布最新汽车工业产销情况，9月汽车销量同比降幅收窄。数据显示，9月汽车产销量分别完成220.9万辆和227.1万辆，环比分别增长11%和16%，同比分别下降6.2%和5.2%。其中，9月产量降幅环比扩大5.7个百分点，销量降幅环比缩小1.7个百分点。1-9月，汽车产销分别完成1814.9万辆和1837.1万辆，产销量比上年同期分别下降11.4%和10.3%。（未来汽车日报）</p><p><strong>特斯拉上海工厂最快下周投产</strong></p><p>目前特斯拉上海超级工厂已获得政府的关键批准，但正式投产时间尚未公布，市场普遍预计下周就将全面投产。不过受订单、劳动力和供应商等不确定因素的影响，特斯拉年内是否能够达到量产目标还是个未知数。（<a href=""https://www.yicai.com/news/100359631.html"">第一财经</a>）</p><p><strong>小鹏汽车全资子公司注册资本由6.5亿增至60亿，增幅达823.08%</strong></p><p>天眼查数据显示，10月11日，由小鹏汽车的运营主体广州橙行智动汽车科技有限公司全资控股的子公司广州小鹏汽车科技有限公司发生注册资本变更，由原来的6.5亿元增至60亿元，增幅达823.08%。（未来汽车日报）</p><p><strong>大众CEO：电动化不会影响利润率，绝不收缩中国业务</strong></p><p>大众汽车CEO赫伯特·迪斯10月14日接受媒体采访时称，该公司不认为电动化战略会损害其利润率。为避免数十亿欧元的欧洲污染罚款，该公司正转向生产电动汽车。迪斯表示：“我们不预计利润率会恶化。我们的优势在于，我们的所有品牌都拥有相同的电气产品平台，以及我们在中国采购的相同的电池。”迪斯还表示，大众在任何情况下都不打算削减在中国市场的敞口。（<a href=""https://finance.sina.com.cn/stock/usstock/c/2019-10-14/doc-iicezzrr2136421.shtml"">新浪财经</a>）</p><p><strong>长安汽车前三季预计亏损24亿至28亿，上年同期盈利11.63亿</strong></p><p>长安汽车发布业绩预告称，预计前三季度净亏损24亿元至28亿元，上年同期盈利11.63亿元。(<a href=""http://www.szse.cn/disclosure/listed/bulletinDetail/index.html?4e9d126d-21ad-48ac-b827-27363a9fb43f"">未来汽车日报</a>)</p><p><strong>宁德时代与大众（拉美）卡客车公司签订长期战略合作协议</strong></p><p>近日，宁德时代新能源科技股份有限公司与大众（拉美）卡客车公司（简称VWCO）签订长期战略合作协议。宁德时代将为VWCO提供包括电池开发、制造、回收与梯次利用在内的全生命周期电池解决方案。根据协议，双方将针对VWCO全新电动货车系列e-Delivery展开合作，搭载宁德时代全新磷酸铁锂商用车标准电池包的e-Delivery卡车车型将于2020年向全球市场推出。（<a href=""https://mp.weixin.qq.com/s/6At43AkxdWclaRYcH2wY9Q"">36氪</a>）</p><p><strong>比克电池回应起诉众泰一事：消息属实</strong></p><p>据界面新闻此前报道，知情人士爆料称众泰汽车股份有限公司因拖欠锂电池供应商深圳市比克动力电池有限公司货款数亿元，被比克电池起诉，要求冻结其约4000万元的资产。针对上述消息，未来汽车日报向比克电池及众泰汽车方面求证。比克电池回应称消息属实，相关事件目前已进入法律程序。众泰汽车方面表示，对该消息并不知情。（未来汽车日报）</p><p><strong>北汽集团将发布BEIJING品牌</strong></p><p>北汽集团将于10月15日在中华世纪坛正式发布BEIJING品牌。发布会内容将包括发布全新LOGO、BEIJING EU7正式上市和illuminate概念车首发。（未来汽车日报）</p><p><strong>ofo回应“已还清蚂蚁金服欠款”：包含大量不实消息</strong></p><p>有消息称ofo已还清蚂蚁金服欠款，对此，ofo发表声明回应称，前述消息包含大量不实消息。ofo称：“目前我们所做的各种尝试，都是为了努力解决押金等历史问题，也尽可能继续满足用户的骑行需求。”（<a href=""https://36kr.com/newsflashes/186505"">36氪</a>）</p><p><strong>五大车企携手研发汽车自动支付</strong></p><p>本田、宝马、通用、福特、雷诺等全球5家汽车厂商将着手建立汽车自动支付服务的基础。上述五大车企将利用区块链（分布式账本）技术，自动记录每辆汽车的停车费和高速费等支付信息并完成自动支付，不必每次使用现金或电子结算，从而使汽车顺畅移动。（<a href=""http://cn.nikkei.com/industry/icar/37685-2019-10-14-09-08-17.html"">日经中文网</a>）</p><h3 label=""二级标题"" style="""">新产品</h3><p><strong>腾势X将于广州车展亮相</strong></p><p>腾势全新车型——腾势X定位中型SUV，提供5座和7座版车型。新车将于2019广州车展正式亮相，将同时提供纯电版本和插电式混合动力版本。其中，纯电动版本的NEDC综合续航里程或将达到500公里以上。（<a href=""http://auto.sina.com.cn/newcar/x/2019-10-14/detail-iicezuev2115762.shtml"">新浪汽车</a>）</p><p><strong>马斯克：特斯拉电动皮卡像“来自未来的装甲运兵车”</strong></p><p>据外媒报道，特斯拉CEO埃隆·马斯克（Elon Musk）对特斯拉电动皮卡的设计给出了另一种暗示。他现在称特斯拉电动皮卡为“网络卡车”，并表示它看起来像是“来自未来的装甲运兵车”。马斯克在推特上重申，“计划不变”，特斯拉仍计划在下个月推出电动皮卡。（<a href=""https://view.inews.qq.com/a/TEC2019101400701608"">腾讯科技</a>）</p><p><strong>吉利全新量产SUV车型“icon”官图曝光</strong></p><p>近日，吉利官方曝出一组全新SUV车型“icon”的高清内饰官图。作为吉利首款高度还原概念车“CONCEPT ICON”的概念量产SUV，“icon”的内饰设计元素同此前曝光的外观相呼应。据悉，icon将搭载吉利最新一代GKUI 19智能车机系统，支持智能多媒体、车控家、智能语音助理、智慧导航等众多服务。（未来汽车日报）</p><p><img src=""https://img.36krcdn.com/20191014/v2_1571047290771_img_gif"" data-img-size-val=""900,500""/></p><p><br/></p>
      ",http://36kr.com/p/5255393.html?ktm_source=feed,"卡门简报 | 贾跃亭正式申请破产重组；特斯拉最快下周投产
      "
黄绮思,内容,"<h3 label=""二级标题"" style="""">大公司</h3><p><a href=""https://www.faradayfuturecn.com/cn/press-room/YT-bankruptcy-restructuring/"" target=""_blank"">贾跃亭在美正式申请个人破产重组，债务净额约为20亿美金</a><br/></p><p>36氪获悉，贾跃亭债务处理小组方面发布《有关贾跃亭先生个人破产重组及成立债权人信托的声明》。声明称，贾跃亭已于美国当地时间10月13日根据美国相关法律第11章（chapter 11）主动申请个人破产重组。其债务处理小组今日表示，贾跃亭90%以上的债务都是替公司担保的债务，自从被某债权人超额冻结所有贾跃亭和乐视的资产及银行经营帐户，已直接导致公司无法正常运营，截至目前贾跃亭债务净额约为20亿美金。</p><p><img src=""https://pic.36krcnd.com/201910/14102811/9d4dhjwprse03re3.jpg!heading"" data-img-size-val=""4546,3031""/></p><p><a href=""http://disc.static.szse.cn/disc/disk02/finalpage/2019-10-14/516b90c1-0eb9-4c78-9ec0-5cc1ab606c07.PDF"" target=""_blank"" textvalue=""乐视网：预计前三季度亏损近102亿"">乐视网：预计前三季度亏损近102亿</a></p><p>36氪获悉，乐视网公告称，预计前三季度亏损101.9亿-102亿，去年同期亏损14.9亿。</p><p><a href=""https://36kr.com/newsflashes/186554"">Paytm接近从软银和蚂蚁金服融资20亿美元</a></p><p>印度最大移动支付和商务平台Paytm接近从软银和蚂蚁金服融资20亿美元，估值近160亿美元（彭博）</p><p><a href=""https://news.china.com/socialgd/10000169/20191014/37213500.html"" target=""_blank"">腾讯退出拼多多母公司股东之列，拼多多：正常变化</a><br/></p><p>天眼查数据显示，近日，拼多多母公司杭州埃米网络科技有限公司发生一系列工商变更，林芝腾讯科技有限公司从股东中退出。此外，高榕资本合伙人张震不再担任股东、董事，腾讯投资管理合伙人林海峰退出董事之列。对此，拼多多相关人士称，这是正常变化，“和其他上市公司一样，上市后资本市场股东都不在境内上市公司继续担任任何职位。”（中华网）</p><p><a href=""https://36kr.com/p/5255238"" target=""_blank"">ofo辟谣月盈利百万，称已还清蚂蚁金服欠款</a><br/></p><p>36氪获悉，针对近日自媒体《长庚小报》发文称“ofo月盈利数百万元，已还清蚂蚁金服欠款”一事，ofo在今日发文回应称，此文章含大量不实消息。ofo表示，近一年来一直处在众所周知的困难当中，目前仍在做各种尝试，目的是为了解决押金等历史问题，尽可能继续满足用户的骑行需求。</p><p><a href=""https://tech.163.com/19/1014/09/EREK1D1J00097U7R.html"" target=""_blank"">腾讯体育恢复NBA直播</a><br/></p><p>根据腾讯体育的NBA直播单，腾讯体育已经恢复部分NBA比赛的视频直播。已有的两场比赛分别为6点公牛对猛龙，以及8点以色列马卡比对阵森林狼。10月8日，腾讯体育官方微博宣布，腾讯体育当日起暂停NBA季前赛（中国赛）的转播安排。（网易科技）</p><p><a href=""https://36kr.com/p/5255144"" target=""_blank"">华为或将重获GMS谷歌支持，在美供应链将进一步恢复</a><br/></p><p>36氪获悉，<span style=""font-family: &quot;PingFang SC&quot;, &quot;Lantinghei SC&quot;, &quot;Helvetica Neue&quot;, Helvetica, Arial, &quot;Microsoft YaHei&quot;, 微软雅黑, STHeitiSC-Light, simsun, 宋体, &quot;WenQuanYi Zen Hei&quot;, &quot;WenQuanYi Micro Hei&quot;, sans-serif;"">据《纽约时报》援引知情人士信息，特朗普政府计划很快颁发许可证，允许一些美国公司向华为供应非敏感产品。在上周的一次会议上，特朗普允许开始批准许可证，这将允许少数美国公司绕过今年对华为实施的他的政府禁令。如能在近期得到谷歌GMS系统支持，华为海外市场的困局将大大缓解，在美供应链可能会进一步恢复，Mate 30系列在首发市场不能上市的尴尬也有望破除。</span></p><p><span style=""font-family: &quot;PingFang SC&quot;, &quot;Lantinghei SC&quot;, &quot;Helvetica Neue&quot;, Helvetica, Arial, &quot;Microsoft YaHei&quot;, 微软雅黑, STHeitiSC-Light, simsun, 宋体, &quot;WenQuanYi Zen Hei&quot;, &quot;WenQuanYi Micro Hei&quot;, sans-serif;""><a href=""http://tech.sina.com.cn/i/2019-10-14/doc-iicezuev1987555.shtml"" target=""_blank"">谷歌26亿美元收购案将受反垄断调查</a><br/></span></p><p>据彭博报道，有知情人士透露，美国反垄断司法机构已经开始对谷歌斥资26亿美元收购的数据分析企业Looker Data Sciences进行调查，试图从这两家企业处获得更多的信息，从而确定两者的结合是否会对其他竞争对手造成伤害。这进一步表明，美国对大型科技企业的审查力度正在提升。（新浪科技）</p><p><a href=""http://disc.static.szse.cn/disc/disk02/finalpage/2019-10-14/c9e22b85-60c6-4b12-a3c8-65203fb567dd.PDF"" target=""_blank"">光线传媒：预计前三季度实现净利润10.8亿-11.3亿元</a><br/></p><p>36氪获悉，光线传媒公告称，预计前三季度实现净利润10.8亿-11.3亿元，同比下降50.56%-52.74%，其中第三季度预盈9.7亿-10.2亿元，同比增长446.86%-474.91%。</p><p><a href=""http://disc.static.szse.cn/disc/disk02/finalpage/2019-10-15/884b5848-ca47-466f-aa4b-a5aaf6114d2a.PDF"" target=""_blank"">长安汽车发布业绩报告，预计前三季度净利为亏损24亿元-28亿元</a><br/></p><p>36氪获悉，长安汽车发布业绩预告称，预计前三季度净利为亏损24亿元-28亿元，上年同期盈利11.63亿元。报告期内，公司整体业绩下滑，主要受销量下滑影响。其中，第三季度，公司自主板块受益于产品结构优化，盈利状况有所改善。</p><p><a href=""https://tech.sina.com.cn/i/2019-10-14/doc-iicezuev2120840.shtml"" target=""_blank"">苹果通过《Emmy》杂志宣传原创剧集，提供3个月免费试看</a><br/></p><p>苹果开始在《Emmy》杂志上宣传原创剧集《看见》，杂志中有新剧集的幕后报道。此外，苹果还提供了3个月Apple TV+免费试看。目前，正在制作的苹果原创剧集有数十款，均由知名导演、制作人和演员参与。Apple TV+服务将于11月1日正式上线，支持iPhone、iPad、iPod Touch、Apple TV和Mac平台，每月费用为4.99美元。（MacX）</p><h3 label=""二级标题"" style="""">投融资<br/></h3><p><a href=""https://www.iyiou.com/p/115369.html"" target=""_blank"">「机蜜企租」获3亿融资，创行业内融资新高</a><br/></p><p>近日，北京文投机蜜科技文化有限公司旗下企业办公租赁平台“机蜜企租”宣布获北京文投3亿元融资，据机蜜企租的创始人及CEO奚孟介绍，本次融资继续提升企业服务效率，将“2分钟响应，4小时解决”服务覆盖全国更多的城市；同时，拓展企业租赁服务种类，整合企业资源，完善企服市场。（亿欧）</p><p><a href=""https://36kr.com/p/5255220"" target=""_blank"">「逸迅科技」获投数千万A轮融资</a><br/></p><p>36氪获悉，“逸迅科技”近日完成数千万人民币A轮融资，本轮投资方为星路资本。逸迅科技表示，本轮融资后，逸迅科技将继续在产品和方案上发力，以客户为导向完善各行业信息化服务体系，帮助用户快速提升大数据价值。</p><p><a href=""https://36kr.com/newsflashes/186488"" target=""_blank"">「起源太空」完成5000万元天使及天使+轮融资</a></p><p>近日获悉，起源太空宣布完成了来自经纬中国的天使轮、线性资本的天使+轮，共计5000万人民币融资。起源太空团队从2017年开始对太空资源开展了研究和商业化工作，是中国第一家致力于太空资源开采和利用的商业公司。（猎云网）</p><p><a href=""https://www.iyiou.com/p/115360.html"" target=""_blank"">Ansun Biopharma完成8000万美元B轮融资，加速靶向新药研发进展</a><br/></p><p>近日，“Ansun Biopharma”宣布已完成8000万美元B轮融资。Ansun Biopharma董事长兼首席执行官唐南珊博士称，本轮募集资金将主要用于DAS181正在开展的PIV全球多中心三期临床试验以及其它适应症的拓展。作为临床阶段生物药公司，Ansun Biopharma致力于针对呼吸道感染领域最急需且未满足的临床需求开发first-in-class创新生物药。去年5月，Ansun Biopharm还拿到了8500万美元的A轮融资。（亿欧）</p><h3 label=""二级标题"" style="""">新产品<br/></h3><p><a href=""https://mp.weixin.qq.com/s/JNK8kHiYU-ddv9uSh3AGnQ"" target=""_blank"">小米旗下Redmi发布8/8A入门机，售价699元起</a><br/></p><p>36氪获悉，Redmi发布数字系列8和8A，配置包括5000毫安电池，骁龙439处理器，同时，MIUI也进行了超级省电优化，待机时间可达31天。此外，Redmi 8系列为type-C接口，全系列支持18w快充，售价699元起。</p><p><a href=""https://36kr.com/newsflashes/186534"" target=""_blank"">中国盲人协会与美团发布“美团语音盲人定制应用”，于10月15日“国际盲人节”正式上线</a><br/></p><p>36氪获悉，中国盲人协会与美团发布“美团语音盲人定制应用”，该应用可通过美团App用“语音交互”的方式完成外卖下单全流程，官方称其为首款面向视力障碍群体发布的定制生活服务应用。该应用将于10月15日“国际盲人节”正式上线，除外卖服务外，未来美团火车票、美团打车也将陆续实现语音应用服务。</p><h3 label=""二级标题"" style="""">新观点</h3><p><a href=""https://www.yicai.com/news/100360394.html"" target=""_blank"">麦德龙中国总裁康德：物美控股后，不翻牌、不裁员、不降薪</a><br/></p><p>麦德龙中国总裁康德表示，物美控股后，麦德龙中国的管理层和员工架构不变，不会裁员，不会降薪，门店保持麦德龙品牌不变，未来依旧会以麦德龙品牌在中国发展新店。（一财）</p><p><a href=""https://finance.sina.com.cn/stock/usstock/c/2019-10-14/doc-iicezzrr2136421.shtml"" target=""_blank"">大众CEO：电动化不会影响利润率 绝不收缩中国业务</a><br/></p><p>大众汽车CEO赫伯特-迪斯近日接受媒体采访时称，该公司不认为汽车电动化战略会损害其利润率。为避免数十亿欧元的欧洲污染罚款，该公司正转向生产电动汽车。迪斯表示：“我们不预计利润率会恶化。我们的优势在于，我们的所有品牌都拥有相同的电气产品平台，以及我们在中国采购的相同的电池。”迪斯还表示，大众在任何情况下都不打算削减在中国市场的敞口。（新浪财经）</p><h3 label=""二级标题"" style="""">其他重要新闻<br/></h3><p label=""正文""><a href=""http://www.linkshop.com.cn/web/archives/2019/433714.shtml"" target=""_blank"">便利蜂App华北上线“1元菜场”入口 主打低价策略</a><br/></p><p>近日，部分便利蜂店铺周边用户发现便利蜂App及小程序上线“1元菜市”入口，进入后可订购果蔬、肉菜蛋、粮油等生鲜产品，订购后可选择到店自提或送菜到家。便利蜂工作人员表示，该业务是于9月中旬上线的，最初只在几十家门店做试运营，国庆起在京津两地全范围开启，只要位置位于任意便利蜂店铺附近2-3公里范围，都可以看到这个入口。据悉，这是便利蜂暨开店达到千家后开启的一项新业务，此举使其成为首家“卖菜”的便利店。（联商网）</p><p><a href=""http://news.sina.com.cn/gov/2019-10-14/doc-iicezuev2054959.shtml"" target=""_blank"">国内53家主要网络直播和视频平台上线“青少年模式”</a><br/></p><p>近日，国家网信办继续深入推进青少年网络防沉迷工作，统筹指导六间房、花椒直播等24家网络直播平台，搜狐视频、百度视频等9家网络视频平台统一上线“青少年模式”。截至目前，国内共有53家平台上线“青少年模式”，网络防沉迷工作基本覆盖国内主要网络直播和视频平台。（中国网信网）</p><h3>36氪每日商业精选</h3><p>商业精选是36氪的一个日更专栏，每天从海量信息中精选8条要闻，帮你省时间，主编条条做点评，帮你做判断。以下是专栏的一个小栏目——小数据，<a href=""https://36kr.com/goods/12061.html"">查看完整内容，请戳链接订阅哦</a>。</p><p><img src=""https://pic.36krcnd.com/201910/14102441/k48jeb18reiz32vv.jpg!heading"" data-img-size-val=""1240,8412""/></p><p><br/></p>
      ",http://36kr.com/p/5255335.html?ktm_source=feed,"氪星晚报 | 贾跃亭正式申请个人破产重组；乐视预计前三季度亏损近102亿；腾讯体育恢复NBA直播
      "
时氪分享,,"<p>2019年10月14日，中国盲人协会与美团发布深度合作的“美团语音盲人定制应用”，该应用可通过美团App用“语音交互”的方式完成外卖下单全流程，这也是迄今为止首款面向视力障碍群体发布的定制生活服务应用。该应用将于10月15日“国际盲人节”正式上线，除外卖服务外，未来美团火车票、美团打车也将陆续实现语音应用服务。</p><p>&nbsp;<span style=""font-family: &quot;PingFang SC&quot;, &quot;Lantinghei SC&quot;, &quot;Helvetica Neue&quot;, Helvetica, Arial, &quot;Microsoft YaHei&quot;, 微软雅黑, STHeitiSC-Light, simsun, 宋体, &quot;WenQuanYi Zen Hei&quot;, &quot;WenQuanYi Micro Hei&quot;, sans-serif;"">发布现场，中国盲协主席李庆忠表示：“科技公司的创新让人们的生活越来越美好，我们希望这包括每一个人。10月15日是国际盲人节，中国目前有1700万视力障碍者，他们最需要的是能像健全人一样‘看’世界。美团通过技术和产品的创新，帮助他们跨越残障带来的鸿沟，让生活更便利、更有品质，这是一件非常有意义的事情。”</span></p><p>&nbsp;<span style=""font-family: &quot;PingFang SC&quot;, &quot;Lantinghei SC&quot;, &quot;Helvetica Neue&quot;, Helvetica, Arial, &quot;Microsoft YaHei&quot;, 微软雅黑, STHeitiSC-Light, simsun, 宋体, &quot;WenQuanYi Zen Hei&quot;, &quot;WenQuanYi Micro Hei&quot;, sans-serif;"">根据面向盲人的一份抽样调查显示，有87%的盲人曾点过外卖，40%的盲人会选择外卖作为解决三餐的主要方式之一，其中超70%的用户会选择手机App来订外卖，但是受自身情况影响，他们在使用App应用时，常常面临理解界面、搜索与选择上的不便。</span></p><p>&nbsp;<span style=""font-family: &quot;PingFang SC&quot;, &quot;Lantinghei SC&quot;, &quot;Helvetica Neue&quot;, Helvetica, Arial, &quot;Microsoft YaHei&quot;, 微软雅黑, STHeitiSC-Light, simsun, 宋体, &quot;WenQuanYi Zen Hei&quot;, &quot;WenQuanYi Micro Hei&quot;, sans-serif;"">“科技创新的目的是为了服务每一个人，美团作为生活服务平台，希望通过今天的一小步努力，让更多人享受到科技创新带来的便捷生活”，美团联合创始人、高级副总裁王慧文说，“‘语音+生活服务’今天只是一个起点，美团会继续坚持长期投入，花足够多的时间，足够多的资源，帮大家吃得更好、生活更好。”</span></p><p><img src=""https://pic.36krcnd.com/201910/14104444/z0fjb40f3n5ryzi8.jpg!heading"" data-img-size-val=""4928,3280""/></p><p><br/></p><h3 label=""二级标题"" style="""">盲人点外卖&nbsp; 进入“语音交互”时代</h3><p>&nbsp;<span style=""font-family: &quot;PingFang SC&quot;, &quot;Lantinghei SC&quot;, &quot;Helvetica Neue&quot;, Helvetica, Arial, &quot;Microsoft YaHei&quot;, 微软雅黑, STHeitiSC-Light, simsun, 宋体, &quot;WenQuanYi Zen Hei&quot;, &quot;WenQuanYi Micro Hei&quot;, sans-serif;"">数据显示，目前我国视力残疾人数超过1700万人，其中至少有600万视障人士在使用智能手机，然而在很多场景中，受限于各种因素，很多时候盲人朋友并不能通过手机快捷的享受生活服务。</span></p><p>&nbsp;<span style=""font-family: &quot;PingFang SC&quot;, &quot;Lantinghei SC&quot;, &quot;Helvetica Neue&quot;, Helvetica, Arial, &quot;Microsoft YaHei&quot;, 微软雅黑, STHeitiSC-Light, simsun, 宋体, &quot;WenQuanYi Zen Hei&quot;, &quot;WenQuanYi Micro Hei&quot;, sans-serif;"">但在实际生活中，外卖等生活服务已经成为盲人生活中不可或缺的一部分。“为此，我们在研发前期就开始进行实地调研，通过参加盲人活动等方式，体验盲人如何操作手机，以更好理解盲人对语音交互应用的特殊需求”，美团语音负责人蔡勋梁表示。</span></p><p><img src=""https://pic.36krcnd.com/201910/14104501/r3q366ef3i3pu61y.jpg!heading"" data-img-size-val=""800,532""/></p><p><span style=""font-family: &quot;PingFang SC&quot;, &quot;Lantinghei SC&quot;, &quot;Helvetica Neue&quot;, Helvetica, Arial, &quot;Microsoft YaHei&quot;, 微软雅黑, STHeitiSC-Light, simsun, 宋体, &quot;WenQuanYi Zen Hei&quot;, &quot;WenQuanYi Micro Hei&quot;, sans-serif;"">&nbsp;</span><span style=""font-family: &quot;PingFang SC&quot;, &quot;Lantinghei SC&quot;, &quot;Helvetica Neue&quot;, Helvetica, Arial, &quot;Microsoft YaHei&quot;, 微软雅黑, STHeitiSC-Light, simsun, 宋体, &quot;WenQuanYi Zen Hei&quot;, &quot;WenQuanYi Micro Hei&quot;, sans-serif;"">“比如，了解和学习盲人听语音的特点以及他们在实际操作过程中的场景，根据盲人不同的听觉处理速度提供不同维度的语音识别，从而帮助视力障碍人群通过‘语音交互’实现更快捷的下单，享受科技创新带来的简单生活，未来我们还将围绕盲人的实际需求，继续开发火车票、美团打车等语音应用，为弱势群体提供更丰富的生活服务，让每个人都能获得更方便快捷的生活服务。”</span></p><p>&nbsp;</p><h3 label=""二级标题"" style="""">关注弱势群体&nbsp;&nbsp; 技术创新惠及大众</h3><p>&nbsp;<span style=""font-family: &quot;PingFang SC&quot;, &quot;Lantinghei SC&quot;, &quot;Helvetica Neue&quot;, Helvetica, Arial, &quot;Microsoft YaHei&quot;, 微软雅黑, STHeitiSC-Light, simsun, 宋体, &quot;WenQuanYi Zen Hei&quot;, &quot;WenQuanYi Micro Hei&quot;, sans-serif;"">美团首席科学家、大数据与算法部负责人张锦懋称，“当外卖成为盲人解决三餐的主要方式之一时，我们希望通过语音技术的应用，让他们享受到更简单、更便捷的用户体验。这个过程看起来简单，其实不然”，基于美团语音的技术积累，在数月密集的调研和技术研发后，盲人定制应用将在10月15日之前完成美团App更新后全面上线，用户只需打开美团App首页语音按钮，说出“无障碍外卖”即可使用，或者从美团App首页点击“更多”进入更多功能页，点击更多页内的无障碍外卖图标进入。</span></p><p><img src=""https://pic.36krcnd.com/201910/14104516/awvhajkf3v56sr6k.jpg!heading"" data-img-size-val=""800,532""/></p><p><span style=""font-family: &quot;PingFang SC&quot;, &quot;Lantinghei SC&quot;, &quot;Helvetica Neue&quot;, Helvetica, Arial, &quot;Microsoft YaHei&quot;, 微软雅黑, STHeitiSC-Light, simsun, 宋体, &quot;WenQuanYi Zen Hei&quot;, &quot;WenQuanYi Micro Hei&quot;, sans-serif;"">&nbsp;</span><span style=""font-family: &quot;PingFang SC&quot;, &quot;Lantinghei SC&quot;, &quot;Helvetica Neue&quot;, Helvetica, Arial, &quot;Microsoft YaHei&quot;, 微软雅黑, STHeitiSC-Light, simsun, 宋体, &quot;WenQuanYi Zen Hei&quot;, &quot;WenQuanYi Micro Hei&quot;, sans-serif;"">今年6月，美团与中国盲协达成战略合作，于7月联合对残疾人创业商家进行定向经营扶持，为其提供免费的线上营销产品服务“盲人版商户通”，截止10月11日，全国已有超2000家盲人按摩商户注册成为美团的合作商户，并免费使用“盲人版商户通”。</span></p><p>&nbsp;<span style=""font-family: &quot;PingFang SC&quot;, &quot;Lantinghei SC&quot;, &quot;Helvetica Neue&quot;, Helvetica, Arial, &quot;Microsoft YaHei&quot;, 微软雅黑, STHeitiSC-Light, simsun, 宋体, &quot;WenQuanYi Zen Hei&quot;, &quot;WenQuanYi Micro Hei&quot;, sans-serif;"">美团语音团队在美团内部也颇为神秘低调，这支成立于2017年的团队，定位于面向美团业务及生态系统内B端、C端、合作伙伴提供语音交互方案和产品，其愿景是“让每个人获得生活服务就像说话一样简单”。通过持续深耕基础语音交互能力建设，美团语音已在语音生活服务领域建成一整套完整的技术系统，从前端的语音唤醒、VAD技术，到语音识别、语音合成、自然语言理解(NLU)、多轮对话、知识图谱、搜索推荐与问答等云端AI技术，再到美团基础能力层的外卖、酒店、电影、打车、餐厅预订等服务引擎打通。</span></p>
      ",http://36kr.com/p/5255366.html?ktm_source=feed,"盲人点外卖不再难  “国际盲人节”美团App上线语音点外卖
      "
李振梁,内容,"<p>诺贝尔经济学奖揭晓，这是今年最后一个宣布的诺奖奖项。</p><p>瑞典皇家科学院宣布，2019年诺贝尔经济学奖授予阿比吉特·班纳吉（Abhijit Banerjee）、艾丝特·杜芙若（Esther Duflo）和迈克尔·克雷默（Michael Kremer），三人各得奖金的三分之一，以表彰他们“为减轻全球贫困所采取的实验性方法”。他们研究方向都是如何解决贫困问题，诺奖评委认为，其研究已经帮助减轻了全球贫困，并具有进一步改善地球上最贫困人口生活的巨大潜力。</p><p>班纳吉1961年生于印度孟买，杜芙若1972年生于法国巴黎，两位均是美国麻省理工学院经济学教授，并有长期深入的合作。<span style=""font-family: &quot;PingFang SC&quot;, &quot;Lantinghei SC&quot;, &quot;Helvetica Neue&quot;, Helvetica, Arial, &quot;Microsoft YaHei&quot;, 微软雅黑, STHeitiSC-Light, simsun, 宋体, &quot;WenQuanYi Zen Hei&quot;, &quot;WenQuanYi Micro Hei&quot;, sans-serif;"">2003年，两人联合创建阿卜杜勒·拉蒂夫·贾米尔贫困行动实验室，旨在</span><span style=""font-family: &quot;PingFang SC&quot;, &quot;Lantinghei SC&quot;, &quot;Helvetica Neue&quot;, Helvetica, Arial, &quot;Microsoft YaHei&quot;, 微软雅黑, STHeitiSC-Light, simsun, 宋体, &quot;WenQuanYi Zen Hei&quot;, &quot;WenQuanYi Micro Hei&quot;, sans-serif;"">确保扶贫政策的制定基于科学依据，从而减少贫困人口。</span><span style=""font-family: &quot;PingFang SC&quot;, &quot;Lantinghei SC&quot;, &quot;Helvetica Neue&quot;, Helvetica, Arial, &quot;Microsoft YaHei&quot;, 微软雅黑, STHeitiSC-Light, simsun, 宋体, &quot;WenQuanYi Zen Hei&quot;, &quot;WenQuanYi Micro Hei&quot;, sans-serif;"">2011年两人合作出版了</span><span style=""font-family: &quot;PingFang SC&quot;, &quot;Lantinghei SC&quot;, &quot;Helvetica Neue&quot;, Helvetica, Arial, &quot;Microsoft YaHei&quot;, 微软雅黑, STHeitiSC-Light, simsun, 宋体, &quot;WenQuanYi Zen Hei&quot;, &quot;WenQuanYi Micro Hei&quot;, sans-serif;"">《贫穷的本质：我们为什么摆脱不了贫穷》</span><span style=""font-family: &quot;PingFang SC&quot;, &quot;Lantinghei SC&quot;, &quot;Helvetica Neue&quot;, Helvetica, Arial, &quot;Microsoft YaHei&quot;, 微软雅黑, STHeitiSC-Light, simsun, 宋体, &quot;WenQuanYi Zen Hei&quot;, &quot;WenQuanYi Micro Hei&quot;, sans-serif;"">，他们</span><span style=""font-family: &quot;PingFang SC&quot;, &quot;Lantinghei SC&quot;, &quot;Helvetica Neue&quot;, Helvetica, Arial, &quot;Microsoft YaHei&quot;, 微软雅黑, STHeitiSC-Light, simsun, 宋体, &quot;WenQuanYi Zen Hei&quot;, &quot;WenQuanYi Micro Hei&quot;, sans-serif;"">调查了</span><span style=""font-family: &quot;PingFang SC&quot;, &quot;Lantinghei SC&quot;, &quot;Helvetica Neue&quot;, Helvetica, Arial, &quot;Microsoft YaHei&quot;, 微软雅黑, STHeitiSC-Light, simsun, 宋体, &quot;WenQuanYi Zen Hei&quot;, &quot;WenQuanYi Micro Hei&quot;, sans-serif;"">五大洲</span><span style=""font-family: &quot;PingFang SC&quot;, &quot;Lantinghei SC&quot;, &quot;Helvetica Neue&quot;, Helvetica, Arial, &quot;Microsoft YaHei&quot;, 微软雅黑, STHeitiSC-Light, simsun, 宋体, &quot;WenQuanYi Zen Hei&quot;, &quot;WenQuanYi Micro Hei&quot;, sans-serif;"">贫困人群最集中的18个国家和地区，从穷人的日常生活、教育、健康、创业、援助、政府、NGO等多个方面，探寻贫穷真正的根源。克雷默生于1964年，是美国发展经济学家，现任哈佛大学发展社团盖茨教授，他还是美国艺术与科学学院院士。</span></p><p><span style=""font-family: &quot;PingFang SC&quot;, &quot;Lantinghei SC&quot;, &quot;Helvetica Neue&quot;, Helvetica, Arial, &quot;Microsoft YaHei&quot;, 微软雅黑, STHeitiSC-Light, simsun, 宋体, &quot;WenQuanYi Zen Hei&quot;, &quot;WenQuanYi Micro Hei&quot;, sans-serif;""></span></p><p><img src=""https://pic.36krcnd.com/201910/14104748/mxryybrh0earzf1c.jpg!heading"" data-img-size-val=""992,656""/></p><p class=""img-desc"">2019年诺贝尔经济学奖得主，从左至右依次为阿比吉特·班纳吉、艾丝特·杜芙若和迈克尔·克雷默</p><p><span style=""font-family: &quot;PingFang SC&quot;, &quot;Lantinghei SC&quot;, &quot;Helvetica Neue&quot;, Helvetica, Arial, &quot;Microsoft YaHei&quot;, 微软雅黑, STHeitiSC-Light, simsun, 宋体, &quot;WenQuanYi Zen Hei&quot;, &quot;WenQuanYi Micro Hei&quot;, sans-serif;"">值得注意的是，杜芙若一下子创造了两个纪录：史上最年轻的诺贝尔经济学奖得主，第二位经济学奖女性得主。</span></p><p><span style=""font-family: &quot;PingFang SC&quot;, &quot;Lantinghei SC&quot;, &quot;Helvetica Neue&quot;, Helvetica, Arial, &quot;Microsoft YaHei&quot;, 微软雅黑, STHeitiSC-Light, simsun, 宋体, &quot;WenQuanYi Zen Hei&quot;, &quot;WenQuanYi Micro Hei&quot;, sans-serif;"">迄今为止，诺贝尔经济学奖共颁发51次，共计84人获奖。此前美国经济学家肯尼斯·j·阿罗，是史上最年轻的经济学奖得主，他在1972年因一般均衡理论方面的突出贡献获奖，时年51岁。而杜芙若今年只有46岁，刷新了这一纪录。</span></p><p><span style=""font-family: &quot;PingFang SC&quot;, &quot;Lantinghei SC&quot;, &quot;Helvetica Neue&quot;, Helvetica, Arial, &quot;Microsoft YaHei&quot;, 微软雅黑, STHeitiSC-Light, simsun, 宋体, &quot;WenQuanYi Zen Hei&quot;, &quot;WenQuanYi Micro Hei&quot;, sans-serif;"">最高龄得主则是美国经济学奖莱昂尼德•赫维奇，他在2007年因创建和完善“机制设计理论”方面所作的贡献获奖，时年90岁高龄。</span></p><p><span style=""font-family: &quot;PingFang SC&quot;, &quot;Lantinghei SC&quot;, &quot;Helvetica Neue&quot;, Helvetica, Arial, &quot;Microsoft YaHei&quot;, 微软雅黑, STHeitiSC-Light, simsun, 宋体, &quot;WenQuanYi Zen Hei&quot;, &quot;WenQuanYi Micro Hei&quot;, sans-serif;"">今年的诺奖得主中，杜芙若刷新了经济学奖得主的年龄下限，也有人创造了整个诺奖的高龄记录。锂电池之父、美国化学家约翰·B·古迪纳夫以97岁高龄摘得化学奖，创造了诺奖得主的最高龄纪录。此前最高记录出现在2018年，美国科学家亚瑟•阿斯金以96岁高龄获得诺贝尔物理奖。</span></p><p>但历史上此奖项的女性得主却非常少，此前只有一位，即2009年得主美国经济学家埃莉诺·奥斯特罗姆。她是美国公共选择学派的创始人之一，其代表作《公共事物的治理之道》，是战后引证率最高的政治学著作之一。十年后，杜芙若摘得这一荣誉，成为第二位经济学奖女性得主。</p><p><span style=""font-family: &quot;PingFang SC&quot;, &quot;Lantinghei SC&quot;, &quot;Helvetica Neue&quot;, Helvetica, Arial, &quot;Microsoft YaHei&quot;, 微软雅黑, STHeitiSC-Light, simsun, 宋体, &quot;WenQuanYi Zen Hei&quot;, &quot;WenQuanYi Micro Hei&quot;, sans-serif;"">除了</span><span style=""font-family: &quot;PingFang SC&quot;, &quot;Lantinghei SC&quot;, &quot;Helvetica Neue&quot;, Helvetica, Arial, &quot;Microsoft YaHei&quot;, 微软雅黑, STHeitiSC-Light, simsun, 宋体, &quot;WenQuanYi Zen Hei&quot;, &quot;WenQuanYi Micro Hei&quot;, sans-serif;"">杜芙若</span><span style=""font-family: &quot;PingFang SC&quot;, &quot;Lantinghei SC&quot;, &quot;Helvetica Neue&quot;, Helvetica, Arial, &quot;Microsoft YaHei&quot;, 微软雅黑, STHeitiSC-Light, simsun, 宋体, &quot;WenQuanYi Zen Hei&quot;, &quot;WenQuanYi Micro Hei&quot;, sans-serif;"">之外，今年宣布的诺奖得主中，2018年文学奖得主奥尔加·托卡尔丘克也是女性，她是诺贝尔文学奖史上第十六位女性得主。</span><br/></p><p><span style=""font-family: &quot;PingFang SC&quot;, &quot;Lantinghei SC&quot;, &quot;Helvetica Neue&quot;, Helvetica, Arial, &quot;Microsoft YaHei&quot;, 微软雅黑, STHeitiSC-Light, simsun, 宋体, &quot;WenQuanYi Zen Hei&quot;, &quot;WenQuanYi Micro Hei&quot;, sans-serif;"">今年诺贝尔奖在国内引起的关注度较高，也同样是因为一位女性。中国家残雪高居赔率榜第三，“谁是残雪”都上了微博热搜。虽然没能获奖，但诺奖的提名带火了她的作品，也让这位小众作家走向大众。</span></p><p><span style=""font-family: &quot;PingFang SC&quot;, &quot;Lantinghei SC&quot;, &quot;Helvetica Neue&quot;, Helvetica, Arial, &quot;Microsoft YaHei&quot;, 微软雅黑, STHeitiSC-Light, simsun, 宋体, &quot;WenQuanYi Zen Hei&quot;, &quot;WenQuanYi Micro Hei&quot;, sans-serif;"">不过，诺贝尔经济学奖并不是严格意义上真正的诺贝尔奖，而是瑞典国家银行为了纪念诺贝尔而设立的经济学奖项。</span></p><p><span style=""font-family: &quot;PingFang SC&quot;, &quot;Lantinghei SC&quot;, &quot;Helvetica Neue&quot;, Helvetica, Arial, &quot;Microsoft YaHei&quot;, 微软雅黑, STHeitiSC-Light, simsun, 宋体, &quot;WenQuanYi Zen Hei&quot;, &quot;WenQuanYi Micro Hei&quot;, sans-serif;"">1968年，瑞典国家银行在成立300周年之际，捐出大额资金给诺贝尔基金，增设“瑞典国家银行纪念诺贝尔经济科学奖”（The Sveriges Riksbank Prize in Economic Sciences in Memory of Alfred Nobel），该奖于1969年首次颁发，通常被称为诺贝尔经济学奖。</span></p><p><span style=""font-family: &quot;PingFang SC&quot;, &quot;Lantinghei SC&quot;, &quot;Helvetica Neue&quot;, Helvetica, Arial, &quot;Microsoft YaHei&quot;, 微软雅黑, STHeitiSC-Light, simsun, 宋体, &quot;WenQuanYi Zen Hei&quot;, &quot;WenQuanYi Micro Hei&quot;, sans-serif;"">而其他的五个诺贝尔奖（物理、化学、生理学或医学、文学、和平）都是诺贝尔在遗嘱中亲自设立的，于1901年首次颁发。</span></p><p>以下为2019年诺奖得主：</p><p><span style=""font-family: &quot;PingFang SC&quot;, &quot;Lantinghei SC&quot;, &quot;Helvetica Neue&quot;, Helvetica, Arial, &quot;Microsoft YaHei&quot;, 微软雅黑, STHeitiSC-Light, simsun, 宋体, &quot;WenQuanYi Zen Hei&quot;, &quot;WenQuanYi Micro Hei&quot;, sans-serif;"">2019年10月7日，诺贝尔生理学或医学奖授予威廉·凯林、彼得·拉特克利夫和格雷格·塞门扎。</span><br/></p><p><span style=""font-family: &quot;PingFang SC&quot;, &quot;Lantinghei SC&quot;, &quot;Helvetica Neue&quot;, Helvetica, Arial, &quot;Microsoft YaHei&quot;, 微软雅黑, STHeitiSC-Light, simsun, 宋体, &quot;WenQuanYi Zen Hei&quot;, &quot;WenQuanYi Micro Hei&quot;, sans-serif;"">10月8日，诺贝尔物理学奖授予詹姆斯·皮布尔斯、米歇尔·马约尔和迪迪埃·奎洛兹。</span></p><p><span style=""font-family: &quot;PingFang SC&quot;, &quot;Lantinghei SC&quot;, &quot;Helvetica Neue&quot;, Helvetica, Arial, &quot;Microsoft YaHei&quot;, 微软雅黑, STHeitiSC-Light, simsun, 宋体, &quot;WenQuanYi Zen Hei&quot;, &quot;WenQuanYi Micro Hei&quot;, sans-serif;"">10月9日，诺贝尔化学奖授予约翰·古迪纳夫、斯坦利·惠廷厄姆和吉野彰。</span></p><p><span style=""font-family: &quot;PingFang SC&quot;, &quot;Lantinghei SC&quot;, &quot;Helvetica Neue&quot;, Helvetica, Arial, &quot;Microsoft YaHei&quot;, 微软雅黑, STHeitiSC-Light, simsun, 宋体, &quot;WenQuanYi Zen Hei&quot;, &quot;WenQuanYi Micro Hei&quot;, sans-serif;"">10月10日，瑞典文学院宣布，2018年诺贝尔文学奖授予奥尔加·托卡尔丘克，将2019年诺贝尔文学奖授予彼得·汉德克。</span></p><p><span style=""font-family: &quot;PingFang SC&quot;, &quot;Lantinghei SC&quot;, &quot;Helvetica Neue&quot;, Helvetica, Arial, &quot;Microsoft YaHei&quot;, 微软雅黑, STHeitiSC-Light, simsun, 宋体, &quot;WenQuanYi Zen Hei&quot;, &quot;WenQuanYi Micro Hei&quot;, sans-serif;"">10月11日，诺贝尔和平奖授予埃塞俄比亚总理阿比·艾哈迈德·阿里。&nbsp;</span></p><p>10月14日，诺贝尔经济学奖授予阿比吉特·班纳吉、艾丝特·杜芙若和迈克尔·克雷默。</p><p>图源：诺贝尔奖官网</p>
      ",http://36kr.com/p/5255334.html?ktm_source=feed,"最前线 | 诺贝尔经济学奖第二位女性得主诞生，她还创造了最年轻得奖纪录
      "
时氪分享,,"<p><span style=""font-family: &quot;PingFang SC&quot;, &quot;Lantinghei SC&quot;, &quot;Helvetica Neue&quot;, Helvetica, Arial, &quot;Microsoft YaHei&quot;, 微软雅黑, STHeitiSC-Light, simsun, 宋体, &quot;WenQuanYi Zen Hei&quot;, &quot;WenQuanYi Micro Hei&quot;, sans-serif;"">2019中关村论坛“中关村国际前沿科技成果展”，将于2019年10月16日至19日，在中关村国家自主创新示范区展示中心（北京市海淀区新建宫门路2号）召开，欢迎社会各界人士参观。</span></p><p>本次展览，围绕“前沿科技与未来产业”主题，通过人工智能与信息技术、生命科学与生物技术、智能制造与高端装备、新材料与新能源和前沿科技体区五个板块，集中展示了来自清华、北大、中科院、微软、英特尔、西门子等国内外116家单位的167项科技成果，展示面积约6000平米。</p><p>本次展览与以往展览相比，具有三大特点：</p><p>一是国际化程度高。本次展览，参展单位来自美国、英国、德国、日本、芬兰等10多个国家，包括英特尔、微软、西门子、等一批世界500强企业，以及清华、北大、中科院、剑桥、悉尼大学、早稻田大学等一批世界知名高校和研究机构，参展单位和参展团队，在各自研究领域，都具有很强的影响力和代表性。</p><p>二是参展项目技术水平高。本次展览，将集中展示一批国际领先的科技成果和项目，技术水平高，如清华大学的“水汽发电—新型绿色能源”项目、北京大学未来基因诊断高精尖中心的“基因编辑”项目、中科院微电子所的“超高速数据转换器”项目、德国西门子的“智能制造-数字化双胞胎”项目、英国剑桥大学的“有机液晶显示器”项目、北京软物质科学与工程高精尖中心的“结构化液体”项目、凌云光集团的“实时数字虚拟人重建系统”项目、北京安声科技的“三维空间声场主动降噪技术”项目等。</p><p>三是未来产业发展前景广。本次展览，围绕“前沿科技与未来产业”主题，参展项目聚焦于5G与未来网络、核心芯片、深度学习与计算、生物特征识别、基因检测与治疗、干细胞与分子生物学、第三代半导体与纳米材料、智能制造等前沿科技领域和未来重点产业发展方向，发展前景广阔。</p><p>展览期间，将同期举办新产品新成果首次发布系列活动。通过“综合发布+专场发布”的形式，共举办5场发布会，集中发布在人工智能、高端装备、新材料、节能环保、生物医药等领域70余家企业的110多项新产品新成果。</p><p><br/></p>
      ",http://36kr.com/p/5255375.html?ktm_source=feed,"2019中关村论坛“中关村国际前沿科技成果展”
      "
时氪分享,,"<p><span style=""font-family: &quot;PingFang SC&quot;, &quot;Lantinghei SC&quot;, &quot;Helvetica Neue&quot;, Helvetica, Arial, &quot;Microsoft YaHei&quot;, 微软雅黑, STHeitiSC-Light, simsun, 宋体, &quot;WenQuanYi Zen Hei&quot;, &quot;WenQuanYi Micro Hei&quot;, sans-serif;"">10月11日下午，2019年中关村论坛新闻发布会在北京中关村展示中心会议中心召开，论坛承办方代表介绍了2019年中关村论坛总体情况、议程安排、会址改造等情况。中关村管委会主任翟立新、海淀区人民政府代区长曾劲、中关村发展集团董事长赵长山等领导出席。</span><br/></p><p>中关村论坛创办于2007年，以“创新与发展”为永久主题。自创办以来，中关村论坛坚持服务国家科技与经济发展和服务全球创新创业主体的初心，不断创新办会理念和办会形式，逐渐发展成为国内外科技界、产业界人士沟通交流，促进国际创新合作的重要平台和品牌活动，产生了重要的社会影响力。</p><p>2019中关村论坛将于10月16日至18日在中关村国家自主创新示范区展示中心举行。</p><p>发布会上，翟立新介绍了中关村论坛的总体情况、筹备进展情况及论坛亮点。</p><p>翟立新表示，与往届相比，今年论坛进行了全方位的提升。首先是规格和层级大幅度提升，本次论坛由国家科技部、中国科学院、中国科协和北京市人民政府共同主办。世界知识产权组织和《科学》杂志支持举办，由中关村管委会、北京市科委、北京市政府外办、海淀区政府、中关村发展集团和科技部火炬中心具体承办。在规模方面，本次论坛举行的时间扩大到3天，将开展包括论坛、展览、发布在内的30余场活动。参加人员的规模和往届相比也有大幅度的扩大。</p><p>翟立新指出，2019中关村论坛的主要亮点概括起来包括四个方面：</p><p>一是主题紧扣热点、特色鲜明。当前，创新成为全球热议的话题。北京是科教智力资源最密集的区域，也是具有全球影响力的科技创新中心，中关村是我国创新发展的一面旗帜。北京和中关村的最大优势就是科技和人才，创新发展是北京发展的唯一出路，也是唯一的选择。2019中关村论坛紧扣当前全球热点、北京优势和中关村特色，将主题定位为“前沿科技与未来产业”，力求把握全球创新大势，紧扣创新创业主体脉搏，共同研判全球科技未来趋势，把握新兴产业发展先机，着力培育新经济、新动能。本届论坛的开幕式暨全体会议、平行论坛和成果发布都紧紧围绕着这一个主题来设计，在开幕式上和全体会议上，国家科技部、中国科学院和中国科协的领导将发布国家层面的创新政策动向。各方嘉宾也将围绕着这一主题发表主旨演讲，开展高端对话。相关的平行论坛分别围绕5G、人工智能、工业互联网、脑科学、硬科技创新、耐心资本、知识产权等热点的话题充分地展开。论坛上一些新思想和新理念充分地交流和碰撞，对于各类创新创业主体都将有新的启发和帮助。</p><p>二是论坛内容丰富、形式新颖。2019中关村论坛进一步丰富了内容形式，采取了“会议+展览+发布”的架构，可概括为“1+18+1+1”，即举行1场开幕式暨全体会议，同期开展18场平行论坛，举办1场中关村国际前沿科技成果展、1场重大成果发布会。本次论坛既有思想理念的交流碰撞，又有技术产品的直观体验；既有重大政策的发布，又有重大项目的落地，充分体现了虚与实的结合、理论与实践的结合、科技与产业的结合。</p><p>三是参与主体高端多元。本次论坛参与嘉宾中，既有国际科技园及创新区域协会、世界知识产权组织、欧洲专利局等国际组织代表，又有诺贝尔生理学或医学奖获得者、菲尔兹奖获得者等全球顶尖科学家。据不完全统计，2019中关村论坛期间，将有数十位知名科学家、上百位投资人、一千多位企业家、数万名公众参与到论坛及展会之中，让本届论坛集思想性、前沿性、体验性和互动性于一身，搭建了一个要素集聚、互动融合的创新生态，体现了中关村创新创业活跃、创业生态良好的显著特点。</p><p>四是国际化程度比较高。自启动线上报名以来，论坛受到国际各界普遍关注。截至目前，已有50个国家和地区的400多名外宾确定参会，其中有120余名专家将在论坛发表演讲或参加对话讨论。同时，还有一批来自美国、加拿大、德国、英国、法国、以色列、澳大利亚、日本、南非等国家的海外人才考察团积极参加论坛，科技部正在举办的“‘一带一路’沿线国家孵化器规划建设与管理国际培训班”的全体学员也将参与有关活动，为致力打造面向全球创新创业主体服务的综合性开放性高端国际论坛提供了有力的支撑，增添了丰富的色彩。</p><p>随后，赵长山在发布会上向外界透露了本届中关村论坛的主要议程以及嘉宾邀请情况。</p><p>在议程方面，论坛开幕式暨全体会议安排在整个论坛活动的第二天上午（10月17日）举行。将由主办方代表，世界知识产权组织、国际科技园及创新区域协会代表，以及特邀演讲嘉宾到场致辞。开幕式结束后举行全体会议，将安排重量级科技界的大咖演讲和高端对话。</p><p>赵长山表示，为了尽可能多地呈现前沿科技与未来产业的发展趋势，本次论坛邀请多方机构参与平行论坛的组织工作，共设置了18场平行论坛，每半天将有3至4场同时举行。这18场平行论坛分别是：（1）硬科技创新与青年创业，（2）全球院士科技创新与合作，（3）未来农业：拥抱新科技变革，（4）知识产权赋能经济高质量发展，（5）工业互联网平台与未来产业发展，（6）汇聚智识 服务未来：全球高端智库之声，（7）智能+健康，（8）耐心资本•融生万物—未来产业投资，（9）构建全球创新网络，建设世界一流科学城，（10）AI时代的深度学习技术与应用创新，（11）脑科学与未来，（12）5G赋能未来产业，（13）AI World2019世界人工智能峰会，（14）多层次资本市场助力首都科技创新发展，（15）中国北欧可持续发展与创新，（16）“信用北京”服务创新，（17）“一带一路”科技创新与民间合作，（18）全球科技园区转型与发展。论坛详细议程可登陆论坛官方网站查询。</p><p>在嘉宾邀请方面，本次论坛得到了社会各界的大力支持。中关村发展集团充分发挥汇聚创新资源、服务创新生态的市场化平台的优势，通过广泛合作的高校院所、联盟协会、企业、社会机构、专家学者等多种渠道，开展了嘉宾邀请工作，这当中有许多受邀的重量级嘉宾都是中关村发展集团近年来在开展国际创新交流中结成的重要合作伙伴。</p><p>比如2014年诺贝尔生理学或医学奖获得者爱德华·莫索尔, 首位华人菲尔兹奖获得者丘成桐, 香港大学校长张翔，清华大学副校长、北京量子信息科学研究院院长薛其坤,北京生命科学研究所所长王晓东,北京脑科学与类脑研究中心主任、首都医科大学校长饶毅等。</p><p>还有一些大家熟知的创新创业企业家代表。如诺基亚公司董事长李思拓，地平线公司创始人兼首席执行官余凯，驭势科技联合创始人、董事长兼首席执行官吴甘沙，寒武纪科技创始人兼首席执行官陈天石等。</p><p>此外，还有不少国际组织、创新服务机构和金融机构的代表。如国际科技园及创新区域协会首席执行官艾巴·伦德，世界知识产权组织副总干事王彬颖，欧洲专利局首席运营官格兰特·菲尔波特等，还有IDG资本、红杉资本、日本瑞穗金融集团、真格基金等投资机构代表，上海、深圳、香港、新加坡、伦敦等多地证券交易所代表参会。</p><p>赵长山还表示，作为承办单位之一，中关村发展集团为了不断提升论坛的质量和影响力，专门筹建了中关村论坛运营公司，积极探索建立市场化、专业化、国际化的办会机制。同时，本次论坛得到了战略合作单位北京银行的大力支持。</p><p>曾劲介绍了中关村论坛会场改造的相关情况。</p><p>他表示，升格举办中关村论坛，是北京市委市政府着眼于“建设具有全球影响力的科技创新中心”战略目标而作出的重大部署。将论坛放到海淀区举办，是北京市委市政府对海淀区的信任和重托。</p><p>按照北京市委市政府关于办好2019年中关村论坛相关指示要求，海淀区政府将中关村国家自主创新示范区展示中心相关场馆进行改造升级，将原会议中心改造成为未来3-4年中关村论坛持续使用的会址，成为可举办科技创新领域高层次国际性会议的会议中心。</p><p>改造升级后的会议中心，注重体现中关村论坛的定位和特色，更多运用新型装饰材料，突出空间的科技感、未来感及国际化。实现了1个主会场+4个分会场+6间独立会议室的功能空间，满足中关村论坛的功能要求。不仅可为中关村论坛提供高质量办会环境及服务，而且可以在非论坛期间提供多样化的会议服务，承接大型国际会议、展览、论坛以及培训、创业大赛、发布会等专项活动。</p><p>此外，改造后的会场采用了大量新技术新产品，例如5G移动通信技术，8K超高清显示技术，三维立体成像技术，空调除霾环保技术，集中智能控制系统，建筑装修新材料等，使论坛举办地成为中关村新技术新产品的展示和体验场所。</p><p>在现场记者提问环节，翟立新、曾劲、赵长山分别回答了媒体记者提出的关于中关村论坛的热点问题。</p><p>翟立新在回答记者提问时介绍了“中关村国际前沿科技成果展”的情况，以及展览现场将出现的前沿科技。</p><p>他介绍，在2019中关村论坛期间，将同步举办“中关村国际前沿科技成果展”。本次展览，围绕“前沿科技与未来产业”主题，通过人工智能与信息技术、生命科学与生物技术、智能制造与高端装备、新材料与新能源和前沿科技体区等板块，集中展示来自清华、北大、中科院、微软、英特尔、西门子等国内外116家单位的近170项科技成果，展示面积约6000平米。</p><p>本次展览与以往展览相比，具有三大特点：</p><p>一是国际化程度高，本次展览，参展单位来自10多个国家，包括英特尔、微软、西门子等一批世界500强企业，以及清华、北大、中科院、剑桥、悉尼大学、早稻田大学等一批世界知名高校和研究机构。</p><p>二是参展项目技术水平高。本次展览，将集中展示一批国际领先的科技成果和项目，技术水平高，如清华大学的“水汽发电—新型绿色能源”项目、北京大学未来基因诊断高精尖中心的“基因编辑”项目、德国西门子的“智能制造-数字化双胞胎”项目等。</p><p>三是未来产业发展前景广，本次展览中的参展项目聚焦于5G与未来网络、深度学习与计算、基因检测与治疗、智能制造等前沿科技领域和未来重点产业发展方向，发展前景广阔。</p><p>翟立新表示，展览期间，还将同期举办新产品新成果首发系列活动，集中发布在人工智能、高端装备、生物医药等领域70余家企业的100多项新产品新成果。</p><p>翟立新还介绍，论坛还安排了重大科技成果的发布环节，集中发布一批北京科创中心建设和中关村创新发展的一些重大的成果。发布的主要内容包括三大方面，一是重大政策的发布。比如，将发布北京科创中心建设新的30条举措，中关村管委会和人民银行银管部、银监局、知识产权局联合推出的有关知识产权质押融资的14条政策措施等一系列重大政策。二是重大合作项目的发布。比如，中关村管委会与日本科学技术振兴机构、日中经济协会就加强创新合作，建立常态交流对接机制，将签订合作备忘录等。三是重大平台建设的发布。比如，北京和华为联合建设的鲲鹏联合创新中心项目、海淀和清华大学及相关企业联合建设的智能制造研究院项目等。</p><p>赵长山在回答记者提问时透露，在此次论坛上，中关村发展集团将发布关于“耐心资本”的重大举措。去年，北京市设立了科技创新基金，中关村发展集团就是母基金的发起方之一。同时，中关村发展集团长期以来联合清华大学、北京大学及中科院等科研院所，新浪、北斗等领军企业，红杉资本、IDG 等专业投资机构构建起了总规模超千亿元基金体系。</p><p>在“耐心资本•融生万物—未来产业投资”论坛上，中关村发展集团还将发布中关村创新母基金计划。基金将围绕重大科技成果转化、高精尖产业孵化、隐形冠军及独角兽企业培育、科技服务平台搭建及创新载体建设等方向，打造具有中关村特色的科技服务新生态。</p><p>赵长山还向现场记者表示，下一步，中关村发展集团将会在服务前沿科技成果转化和产业化方面形成新的能力、展现新的作为。探索建立“空间+投资+服务”的运营服务模式，打造各具特色的区域创新运营平台，为双创主体提供优质优价的服务，引导科技成果创新孵化；聚焦科技成果转化落地，加强资源垂直整合力度，构建垂直细分领域的良好创新生态；增加“耐心资本”供给服务，联合市场化专业团队，构建多层次、内容丰富的中关村股权基金系；打造中关村科服平台，强化知识产权、提升科技成果转化、整合升级创新企业孵化、加强高精尖产业研究咨询、科技大数据、科技论坛会展、人才服务、企业管家和共性技术服务；将打造中关村金服平台，构建担保、租赁、小贷、金融资产管理、商业票据服务等功能齐全的金融服务体系。</p><p>曾劲在回答记者问题时表示，中关村论坛与海淀区有着天然的联系。海淀区作为中关村科学城所在地，完全有条件、有能力，为办好今年的中关村论坛做好保障工作。主要体现在三个方面：</p><p>一是符合北京市新的城市总体规划。按照北京新的城市总体规划要求，海淀区将建设成为具有全球影响力的科技创新中心的核心区。同时，海淀区辖区内的“三山五园”地区也将成为国家历史文化传承的典范区域，也将成为国际交往活动重要承载地。</p><p>二是海淀科技创新的实力相对突出。截止到2018年的年底，区域高新技术企业总收入超过2.3万亿元，信息业、科研业增加值占海淀GDP的一半以上，发明专利授权量223万件，每万人发明专利拥有量超过300件，技术合同成交总额1747亿元，国家级高新技术企业在海淀区超过1万家，独角兽企业40家，占到了全国的五分之一。</p><p>三是海淀区做了高标准的谋划。在北京市的总体规划里的海淀分区规划提出，要将中关村论坛打造成为集科学发布、新技术展示、成果交易、高端论坛为一体的科技达沃斯，形成海淀创新城市的新名片。中关村论坛也将助力海淀承担首都核心功能，成为海淀建设具有全球影响力科技创新中心核心区的重要依托。</p><p>曾劲还介绍，海淀区将在本届中关村论坛期间，举办“AI World2019世界人工智能峰会”。</p><p>该峰会是本次中关村论坛的一场重要的平行论坛。举办这个论坛，海淀区主要是考虑围绕构建人工智能创新生态，打造人工智能原创中心和产业高地，建设北京国家新一代人工智能创新发展的试验区。这次峰会以AI元力重启未来为主题，围绕人工智能芯片、开创生态、AI技术趋势等进行分析和研讨。同时峰会还将发布2019年AI Era创新大奖及AI开放创新平台。</p><p><br/></p>
      ",http://36kr.com/p/5255363.html?ktm_source=feed,"2019年中关村论坛将于10月16日在北京召开
      "
科技神回复,内容,"<p><span style=""font-family: &quot;PingFang SC&quot;, &quot;Lantinghei SC&quot;, &quot;Helvetica Neue&quot;, Helvetica, Arial, &quot;Microsoft YaHei&quot;, 微软雅黑, STHeitiSC-Light, simsun, 宋体, &quot;WenQuanYi Zen Hei&quot;, &quot;WenQuanYi Micro Hei&quot;, sans-serif;"">比尔·盖茨办公室曝光：实体版元素周期表震撼；ofo回应“已还清蚂蚁金服欠款”：包含大量不实消息……晚间回顾一下有哪些不容错过的科技新闻和网友的神回复。</span></p><p>&nbsp;</p><h3 label=""二级标题"" style=""""><a href=""http://tech.163.com/19/1014/08/EREDRJT0000999LD.html"" target=""_blank"">比尔·盖茨办公室曝光：实体版元素周期表震撼</a></h3><p><span style=""font-family: &quot;PingFang SC&quot;, &quot;Lantinghei SC&quot;, &quot;Helvetica Neue&quot;, Helvetica, Arial, &quot;Microsoft YaHei&quot;, 微软雅黑, STHeitiSC-Light, simsun, 宋体, &quot;WenQuanYi Zen Hei&quot;, &quot;WenQuanYi Micro Hei&quot;, sans-serif;"">近日，威尔史密斯在社交媒体上分享了一段参观比尔盖茨办公室的视频，盖茨办公室在该视频中曝光。据悉，从视频中看，盖茨办公室的面积非常大，而且坐落于海边，拥有一长排巨大的落地窗，视野内没有高层建筑遮挡。办公室中除了有巨量的藏书之外，最引人瞩目的就是安装着整个元素周期表的一面墙了，实体版哦。</span><br/></p><p><span style=""font-family: &quot;PingFang SC&quot;, &quot;Lantinghei SC&quot;, &quot;Helvetica Neue&quot;, Helvetica, Arial, &quot;Microsoft YaHei&quot;, 微软雅黑, STHeitiSC-Light, simsun, 宋体, &quot;WenQuanYi Zen Hei&quot;, &quot;WenQuanYi Micro Hei&quot;, sans-serif;""></span></p><p><img src=""https://pic.36krcnd.com/201910/14091451/rcv1960uonw6svz0.png!heading"" data-img-size-val=""728,342""/></p><p>@蹦吧布鲁：原来化学课本上的实体版元素周期表图示，是在盖茨家拍摄的。</p><p>@讀行魚：办公室没有茶桌，背后没有毛笔字的都是成不了气候的老板。</p><p>@小河蟹的家：马云：办公室放书的都是骗子。</p><p>@Itpunk：也不带个串串、珠子之类，一点文化底蕴都没有。<span style=""font-family: &quot;PingFang SC&quot;, &quot;Lantinghei SC&quot;, &quot;Helvetica Neue&quot;, Helvetica, Arial, &quot;Microsoft YaHei&quot;, 微软雅黑, STHeitiSC-Light, simsun, 宋体, &quot;WenQuanYi Zen Hei&quot;, &quot;WenQuanYi Micro Hei&quot;, sans-serif;"">&nbsp;</span></p><h3 label=""二级标题"" style=""""><a href=""http://tech.163.com/19/1014/12/EREU2GJ1000999LD.html"" target=""_blank"">天风国际郭明錤：苹果明年一季度将发售iPhone SE2，售价399美元起</a></h3><p>36氪获悉，天风国际分析师郭明錤在报告中表示，预测苹果将在2020年第一季度发售iPhone SE2，iPhone SE2外观设计与大部分的硬件规格iPhone 8相似，主要规格包括：A13芯片，3GB LPDDR4X，64与128GB存储，深空灰、白与红配色，移除3D Touch，售价自399美元起。郭明錤称，预估iPhone SE2在2020年出货量可达3000万部以上。</p><p><img src=""https://pic.36krcnd.com/201910/14091513/ujoou3z0qauxrmsg.png!heading"" data-img-size-val=""988,614""/></p><p>@hoopB：继续加油，说久了，应该能中一次。</p><p>@Hhhuathepos：就怕库存克星用A10处理器。</p><p>@南亚蝙蝠：这个新闻明年还可以继续用。</p><h3 label=""二级标题"" style=""""><a href=""https://36kr.com/newsflashes/186505"" target=""_blank"">ofo回应“已还清蚂蚁金服欠款”：包含大量不实消息</a></h3><p>36氪获悉，有消息称ofo已还清蚂蚁金服欠款，对此，ofo发表声明回应称，包含大量不实消息。ofo称，“目前我们所做的各种尝试，都是为了努力解决押金等历史问题，也尽可能继续满足用户的骑行需求”。</p><p><img src=""https://pic.36krcnd.com/201910/14091532/tyljx98l9dkmxj1t.png!heading"" data-img-size-val=""570,1136""/></p><p>@一只肉肉蕊：我的押金也退不了呀。</p><p>@枸橼酸：想知道我这排900多万名什么时候才能退？</p><p>@小虫虫呀：那就希望你们能负完所有责任，别申请破产了。</p><h3 label=""二级标题"" style=""""><a href=""http://finance.ifeng.com/c/7qlLlEuHkrh"" target=""_blank"">心脏支架将大幅降价，55家公立医院抱团砍价</a></h3><p>今年以来，一系列解决老百姓看病贵的政策措施陆续出台。在江苏省，一些常用的心脏血管支架、起搏器等医用耗材进入了联盟采购名单中。组成联盟的55家三级公立医疗机构，全年冠脉支架和起搏器采购量的70%，用于此次联盟采购。淮安秦先生前几日在南京市第一医院安装了4个支架，他表示原来13400元/个的支架，现在7000元/个，四个支架省了20000多元。据悉，中选的支架品种价格平均降幅为51.01%，最大降幅66.07%；中选的起搏器品种平均降幅15.86%，最大降幅38.13%。其中包含了进口、国产、高价、低价不同品种。</p><p><img src=""https://pic.36krcnd.com/201910/14094406/e5a8924psq704ckj.png!heading"" data-img-size-val=""1264,710""/></p><p>@仍不知愁滋味：我刚支了两个支架你告诉我贬值了？</p><p>@那我就用：要不要先提前装几个，避免以后再涨价！</p><p>@獨S滋味：原来成本1千卖1万5，现在卖7千，感谢啊。</p><p>&nbsp;</p><p>今天科技圈发生的热点事件大家有什么想吐槽的吗？欢迎在下方评论区留言，优秀的神回复将会出现在下一次的文章中哦~</p><p><br/></p>
      ",http://36kr.com/p/5255336.html?ktm_source=feed,"科技神回复 | 郭明錤：苹果明年初发布iPhone SE2，就怕库存克星用A10
      "
