description,link,pubDate,title
<p>一年一度的CES展会已经落下了帷幕，数千家企业齐聚一堂，发布或是展出了诸多科技新品。其中AI可以说是这次展会最关键的元素之一，PC、手机、家电以及各种智能设备等等都在通过融入AI技术，为用户带来不一样的体验。今天我们简单盘盘这届产品中那些有趣、好玩或是炫酷的产品。</p>,//copy.yesky.com/reshipart.jsp?aid=83388,"Thu, 18 Jan 2024 12:01:19 +0800",赛博“兔兔” 、“风火轮”、魔镜” 聊聊CES 2024上那些有趣的产品
<p>戴尔中国XPS及Inspiron高级产品经理高旻颂在发布会后接受天极网采访时介绍道，XPS在设计方面做出了很多调整，全系采用极简设计语言、充分利用内部空间让机身更轻薄便携的同时，实现更高性能释放，以及更高效、更可靠的本地化AI体验，提升日常工作、创作效率。</p>,//copy.yesky.com/reshipart.jsp?aid=82282,"Fri, 12 Jan 2024 16:52:29 +0800",戴尔XPS：释放智能生产力，展现极简美学
<p>一家初创公司Rabbit在CES 2024上发布了其手持式AI硬件产品——Rabbit&#8194;R1，售价为199美元，在发售24小时内，便售出了10000台，远超它们自己的预期。</p>,//copy.yesky.com/reshipart.jsp?aid=82162,"Fri, 12 Jan 2024 11:59:24 +0800",CES 2024：首日销量过万台，赛博“兔兔”勇闯AI市场
<p>在CES 2024上，英伟达正式推出NVIDIA ACE（Avatar Cloud Engine）微服务技术，可提供AI模型和微服务。据了解，这项技术可让开发者将先进的生成式AI模型，融入到游戏、应用的虚拟数字人物中。</p>,//copy.yesky.com/reshipart.jsp?aid=81605,"Thu, 11 Jan 2024 11:37:41 +0800",NVIDIA推出NVIDIA ACE服务，与多家厂商合作将AI融入游戏角色
<p>1月9日，ROG玩家国度举行CES 2024 ROG新品发布会，正式公布了ROG游戏手机8系列，包含ROG游戏手机8、ROG游戏手机8 Pro和ROG游戏手机8 Pro特别版三个版本。</p>,//copy.yesky.com/reshipart.jsp?aid=81331,"Wed, 10 Jan 2024 16:03:55 +0800",电竞机皇降临！ROG游戏手机8系列现身CES 2024：旗舰芯片，高刷屏，大电池
<p>备受瞩目的2024年消费电子展（CES）将于美国西部时间1月9日在拉斯维加斯开幕，即将登场的大量突破性技术进步令人期待不已。尤其是在今年，AI人工智能当仁不让地成为焦点，由AI赋能的各类产品将覆盖人们生活的方方面面。根据已有消息，包括华硕、戴尔、NVIDIA、三星、英特尔、AMD、海信、联想等在内的全球大厂齐聚一堂，展示他们的最新的技术和产品。</p>,//copy.yesky.com/reshipart.jsp?aid=79661,"Wed, 3 Jan 2024 16:29:05 +0800",CES 2024前瞻：AI与科技大年
"<p>2024年1月9日-12日，世界规模最大、水平最高、影响最广的美国拉斯维加斯国际消费类电子产品展览会(CES&#8194;2024)将盛大举行。
近年来历届CES展会上都少不了中国科技企业的身影，本次TCL实业就将携带超过100款前沿产品，展示显示技术、智能终端等领域领先的产品组合。</p>",//copy.yesky.com/reshipart.jsp?aid=79038,"Sun, 31 Dec 2023 16:00:00 +0800",科技企业走向世界 TCL即将亮相CES2024 带来哪些看点？
<p>数天前，英伟达与部分AIC厂商堪称“悄无声息”地上架了一款在中国市场填补空缺的新旗舰，也就是RTX 4090D。此外，一直有消息的RTX 40 SUPER系列显卡届时将会在英伟达的特别演讲中亮相，并于1月下旬正式上市。</p>,//copy.yesky.com/reshipart.jsp?aid=79037,"Sun, 31 Dec 2023 10:50:00 +0800",D替换&SUPER升级 RTX 40系显卡新阵容将于2024年初登场
<p>那随着时间的临近，目前，关于展会的相关讯息已经有了不少的发布，小编也看到了一些比较令人兴奋的产品和一些最新的创新技术，那这篇文章就像来给大家汇总一下在即将在CES 2024展会上亮相的一些比较好玩、有意思的科技产品，话不多说，就随着我们一起来看看吧。</p>,//copy.yesky.com/reshipart.jsp?aid=78141,"Thu, 28 Dec 2023 14:58:02 +0800",先睹为快 CES 2024上几款新奇科技新品
"<p>2023年，PCIe 5.0固态硬盘依旧在“残血”状态摸爬滚打，无法与现有的PCIe 4.0乃至更早的3.0产品形成有效竞争，这当然离不开它的价格、生态壁垒，一部分原因也在于自身硬件性能尚未完整迭代。
PCIe 5.0固态硬盘为何还是“残血”？你想知道的都在这里</p>",//copy.yesky.com/reshipart.jsp?aid=64522,"Wed, 20 Dec 2023 16:30:00 +0800",PCIe 5.0固态硬盘为何还是“残血”？你想知道的都在这里
<p>在今年的CES 2023上，Mini-LED屏幕成为许多旗舰笔记本的首选。雷蛇灵刃16同样追随这股潮流，推出雷蛇灵刃16旗舰游戏本，全球首发双模式Mini-LED屏幕。</p>,//copy.yesky.com/reshipart.jsp?aid=2147439142,"Tue, 10 Jan 2023 17:38:04 +0800",雷蛇灵刃16游戏本亮相，全球首发双模式Mini-LED屏幕，搭载RTX 4090显卡
<p>本届CES上，雷蛇为消费者带来了两款推出新款游戏本——灵刃16以及灵刃18。这两款新品均采用第13代英特尔酷睿HX移动处理器，配合NVIDIA GeForce RTX 40系列笔记本GPU。雷蛇在这两款游戏本上采用了专利均热板散热技术，进一步提高了散热效率。</p>,//copy.yesky.com/reshipart.jsp?aid=2147438961,"Mon, 9 Jan 2023 18:31:38 +0800",CES 2023：雷蛇发布灵刃16 & 灵刃18
<p>CES 2023堪称笔记本行业的“春晚”，在英特尔、AMD、NVIDIA三巨头的推动下，宏碁、华硕、戴尔、联想、微星、雷蛇等众多OEM于展会期间集中推出新品。并且，不仅是新一代硬件加持带来的顶级性能，以及创新设计提供的独特体验，还有一点成功引起了我的关注——18英寸。</p>,//copy.yesky.com/reshipart.jsp?aid=2147438960,"Mon, 9 Jan 2023 18:26:45 +0800",CES 2023：多款18英寸游戏本齐发，“巨屏”成为新趋势？
<p>随着CES2023消费电子展如火如荼的开展，我们已经看到了包括数码、显示、虚拟现实、汽车科技等领域中最新最酷的科技产品。与此同时，在展会之中，一些新奇古怪的小玩意也给用户留下了深刻的印象。本篇来给大家汇总一下CES2023一下那些带有趣味和新奇体验的产品~</p>,//copy.yesky.com/reshipart.jsp?aid=2147438913,"Mon, 9 Jan 2023 16:43:53 +0800",CES 2023 来看看这些让人耳目一新的小玩意
<p>在开年的第一场科技盛会CES 2023上，ROG召开全球发布会，推出全新笔记本系列新品，凭借极强的技术力和性能亮点吸引了全球用户的目光，成为本届CES 2023游戏本展台人气最火热的明星产品。</p>,//copy.yesky.com/reshipart.jsp?aid=2147438719,"Sat, 7 Jan 2023 11:52:02 +0800",CES 2023：ROG笔记本新品迎来史诗升级，超强性能打造标杆旗舰！
<p>　1月5日至1月8日，国际消费电子展CES 2023在美国拉斯维加斯召开，作为消费电子领域的风向标，每年的CES都吸引来自全球各地的顶尖科技公司参展。北京忆恒创源科技股份有限公司(以下简称“Memblaze”)受邀参展，并正式公开全新一代PCIe 5.0企业级NVMe SSD——PBlaze7 7940。</p>,//copy.yesky.com/reshipart.jsp?aid=2147438716,"Sat, 7 Jan 2023 09:10:27 +0800",CES 2023：Memblaze展示PBlaze7 7940 PCIe 5.0企业级SSD
<p>拉斯维加斯时间1月5日，2023国际消费类电子产品展览会(CES)在拉斯维加斯拉开帷幕，移动储能与清洁能源品牌正浩EcoFlow发布全线移动储能产品及极具创新意义的智能生态产品。</p>,//copy.yesky.com/reshipart.jsp?aid=2147438696,"Fri, 6 Jan 2023 19:04:49 +0800",聚焦清洁储能技术创新 正浩EcoFlow亮相CES
<p>在美国拉斯维加斯CES 2023开幕前一天，SK海力士副会长兼联合CEO朴正浩与高通公司举行会谈探讨加强合作。</p>,//copy.yesky.com/reshipart.jsp?aid=2147438694,"Fri, 6 Jan 2023 18:56:53 +0800",加强半导体合作机会 SK海力士副会长与高通CEO会谈
<p>北京时间2023年1月6日，ALIENWARE外星人发布4款游戏本，AURORA R15 AMD Ryzen 7000系列版本台式机以及多款游戏显示器、键盘等外设新品，其中就包括荣膺2023 CES创新奖和最佳创新奖的ALIENWARE 500Hz游戏显示器(AW2524H)。</p>,//copy.yesky.com/reshipart.jsp?aid=2147438671,"Fri, 6 Jan 2023 17:44:06 +0800",超快！ ALIENWARE外星人发布500Hz游戏显示器
<p>联想在CES 2023上发布了一款ThinkPhone，主打商务专业领域，由摩托罗拉制造，整体设计语言与ThinkPad笔记本电脑如出一辙。</p>,//copy.yesky.com/reshipart.jsp?aid=2147438669,"Fri, 6 Jan 2023 17:43:33 +0800",CES 2023：联想发布ThinkPhone，搭载骁龙8+处理器，主打专业领域
<p>自2002年创办以来，「IT影响中国」评选始终关注中国IT科技消费热点与科技行业年度风云变化，助力产业市场大环境良性发展。近日，2023年第二十二届“IT影响中国”年度盛典隆重举行，经评审委员会与大众评委综合评定，授予联想官方配置定制服务“年度影响力解决方案奖”。</p>,//copy.yesky.com/reshipart.jsp?aid=83561,"Thu, 18 Jan 2024 18:19:42 +0800",IT影响中国：联想官方配置定制服务获年度影响力解决方案奖
<p>自2002年创办以来，「IT影响中国」评选始终关注中国IT科技消费热点与科技行业年度风云变化，助力产业市场大环境良性发展。近日，2023年第二十二届“IT影响中国”年度盛典隆重举行，经评审委员会与大众评委综合评定，授予联想电脑清洁保养服务“年度特别好物奖”。</p>,//copy.yesky.com/reshipart.jsp?aid=83560,"Thu, 18 Jan 2024 17:59:45 +0800",IT影响中国：联想电脑清洁保养服务荣获年度特别好物奖
<p>戴尔中国XPS及Inspiron高级产品经理高旻颂在发布会后接受天极网采访时介绍道，XPS在设计方面做出了很多调整，全系采用极简设计语言、充分利用内部空间让机身更轻薄便携的同时，实现更高性能释放，以及更高效、更可靠的本地化AI体验，提升日常工作、创作效率。</p>,//copy.yesky.com/reshipart.jsp?aid=82282,"Fri, 12 Jan 2024 16:52:29 +0800",戴尔XPS：释放智能生产力，展现极简美学
<p>国际消费电子展CES&#8194;2024正在拉斯维加斯火热进行中。1月10日，华硕旗下高端电竞品牌玩家国度(ROG)也迎来了新品发布。本次发布会ROG为广大玩家们带来了电竞领域的全系列产品，覆盖显示器、鼠标、散热器、麦克风、耳机等等品类，琳琅满目令人目不暇接，充满着“信仰”的气息。</p>,//copy.yesky.com/reshipart.jsp?aid=81866,"Thu, 11 Jan 2024 19:00:16 +0800",CES 2024：ROG电竞全系列产品焕新发布
<p>戴尔中国消费零售总经理陈贻在发布会后接受天极网专访时提到：随着技术的不断进步，消费者和用户一定会期待更先进和更智能的电脑。凭借更强大的CPU、GPU和NPU三大AI引擎，PC可以轻松应对复杂的AI工作负载，同时将以更强劲的性能与更长时间的电池续航，帮助用户激活更高生产力。</p>,//copy.yesky.com/reshipart.jsp?aid=81624,"Thu, 11 Jan 2024 13:30:17 +0800",戴尔陈贻：持续创新释放更高生产力，满足用户对智能体验的期待
<p>国际消费电子展CES 2024正在拉斯维加斯火热进行中。1月10日，华硕在本届CES上为全球用户带来了全新的轻薄本系列新品。发布会主题为“追寻无与伦比”，会上推出的多款旗舰笔记本产品凭借卓越的性能、创新的科技和极致的工艺引发了业内热议，华硕轻薄本新品有望引领2024年的轻薄本趋势。</p>,//copy.yesky.com/reshipart.jsp?aid=81442,"Wed, 10 Jan 2024 19:59:18 +0800",华硕轻薄本新品亮相CES2024  开启全新AI PC体验
<p>在使用需求更为复杂，办公场景更为多元化的现在，英特尔的酷睿和AMD的锐龙谁的表现会更好一些呢？今天我们就选择了两台商用本来为大家进行下详细的对比。</p>,//copy.yesky.com/reshipart.jsp?aid=80773,"Tue, 9 Jan 2024 10:00:00 +0800",应对多元化办公需求和场景 酷睿i5-1350P和锐龙7 Pro 7840U商用本怎么选？
<p>在 CES 2024上亮相的第 14 代英特尔酷睿 HX 处理器在笔记本电脑性能上又一次取得了新的突破，为迎接市场的性能旗舰狂欢，七彩虹也紧跟步伐在1月9日推出了搭载全新14代酷睿HX系列处理器的将星X17Pro Max 24，并搭载最新英伟达RTX&#160;4090/4080系列显卡，将移动笔记本性能推向新的境界，对于“极客”们来说，足以算是一次值得追逐的升级换代，也为游戏玩家、AI内容创建者和专业用户带来了无限的可能。</p>,//copy.yesky.com/reshipart.jsp?aid=80818,"Tue, 9 Jan 2024 08:00:00 +0800",性能顶级、审美在线！七彩虹将星游戏本首发：酷睿i9-14900HX处理器
<p>1月9日，英特尔在CES 2024上推出了多款14代酷睿处理器家族新品，包括台式机处理器和HX系列移动处理器，还有全新的酷睿移动处理器1系列，面向高性能主流轻薄本。</p>,//copy.yesky.com/reshipart.jsp?aid=80802,"Tue, 9 Jan 2024 07:00:01 +0800",CES 2024：英特尔发布全新处理器系列，至高24核32线程
<p>一年一度的CES展会将在下周正式开启，不少厂商都会趁此机会发布一些新品，像AMD、英特尔、英伟达这样的上游大厂商受关注度都很高，毕竟很多OEM厂商的产品都是跟着它们的节奏走的。不过，从目前的消息来看，红绿蓝三巨头在本届CES上都有点“挤牙膏”。</p>,//copy.yesky.com/reshipart.jsp?aid=80426,"Fri, 5 Jan 2024 18:48:13 +0800",CES 2024前瞻：红绿蓝“三巨头”相约来“挤牙膏”？
<p>备受瞩目的2024年消费电子展（CES）将于美国西部时间1月9日在拉斯维加斯开幕，即将登场的大量突破性技术进步令人期待不已。尤其是在今年，AI人工智能当仁不让地成为焦点，由AI赋能的各类产品将覆盖人们生活的方方面面。根据已有消息，包括华硕、戴尔、NVIDIA、三星、英特尔、AMD、海信、联想等在内的全球大厂齐聚一堂，展示他们的最新的技术和产品。</p>,//copy.yesky.com/reshipart.jsp?aid=79661,"Wed, 3 Jan 2024 16:29:05 +0800",CES 2024前瞻：AI与科技大年
<p>ThinkPad AI是能承载最全场景生产力的平台，聚焦通用办公与专业创造两大办公场景以及八大应用，打造AI时代的‘新二八法则’。ThinkPad不仅仅是在制造卓越的电脑，而是在制造时间。</p>,//copy.yesky.com/reshipart.jsp?aid=78486,"Fri, 29 Dec 2023 11:26:55 +0800",AI PC能做什么？ ThinkPad说：“制造时间”
<p>工欲善其事，必先利其器。华为智慧PC具备高效、智慧以及互联的生态优势，依托分布式技术打破了设备边界与生态边界，所带来的多设备与生态融合体验不仅彻底瓦解传统PC单打独斗的局面，还赋予了职场人“超能力”，让我们无论是面对日常工作，还是年底的各种总结、复盘都能“事半功倍”！</p>,//copy.yesky.com/reshipart.jsp?aid=78015,"Thu, 28 Dec 2023 10:33:30 +0800",用智慧能力赋能年终总结 华为智慧PC成为职场人的年终复盘利器！
<p>12月15日，英特尔发布AI战略，以及英特尔酷睿Ultra处理器、第五代英特尔至强可扩展处理器，同时还有支持AI的多款产品亮相。而在艺术感、设计感满满的展示区，开头这些基于AI的应用场景和案例抢过了众多新品的风头，成为主角。</p>,//copy.yesky.com/reshipart.jsp?aid=64035,"Tue, 19 Dec 2023 09:16:04 +0800",AI PC能做什么？ 让AI无处不在
<p>12月15日，华硕举行“#轻启「芯」纪元”——华硕灵耀14 AI超轻薄本发布会，全新的华硕灵耀14 2024正式亮相，这也是全网首台酷睿Ultra处理器轻薄本。新一代灵耀14 2024 AI超轻薄本主打轻奢商务风，作为首批搭载英特尔酷睿Ultra处理器的笔记本电脑，将AI体验融入日常使用中，并且屏幕升级、机身更轻薄、内存更大、续航能力出色，打造高效办公新选择。</p>,//copy.yesky.com/reshipart.jsp?aid=63655,"Fri, 15 Dec 2023 17:58:27 +0800",华硕灵耀14 2024发布 引领2024 AI PC元年
<p>北京时间12月15日下午，英特尔正式发布了全新酷睿Ultra处理器平台，它采用Intel 4制程工艺打造和3D Foveros封装技术，有着新的性能核和能效核，最多拥有6个性能核和8个能效核以及2个低功耗岛能效核，最高主频可达5.1GHz，还有全新的Arc GPU显卡，配备多达8个Xe核显，实现了两倍性能，为超薄笔记本提供卓越的性能。并且配备了全新的AI加速处理的NPU，引领着电脑本地AI计算大规模的普及和被广泛使用AI应用场景， 通过在酷睿Ultra上为AI应用的优化，带来新的用户体验。</p>,//copy.yesky.com/reshipart.jsp?aid=63585,"Fri, 15 Dec 2023 15:33:54 +0800",英特尔酷睿Ultra处理器解析：能效更高核显更强，全面赋能AI PC
<p>戴尔科技举办了2024年技术预测媒体沟通会，戴尔科技集团全球首席技术官John Roese重点介绍2024年及未来影响科技行业的新兴趋势。John Roese分享的重点展望包括：生成式AI讨论重点将从理论转向实践、2024年真正的零信任势在必行、边缘平台蓬勃发展、量子计算与生成式AI密不可分等。</p>,//copy.yesky.com/reshipart.jsp?aid=63337,"Thu, 14 Dec 2023 23:18:25 +0800",戴尔科技John Roese：生成式AI重点从理论转向实践，AI PC是必由之路
<p>其实说到底，无论是之前的AI降噪、AI抠图、AI美颜，还是全新生成式AI的文生文、文生图，都是通过AI技术的赋能，让PC设备能够提供比之前产品更加高效、智能的体验和更多有趣的玩法，利用差异化来吸引消费者换机。目前来看，芯片、终端、软件等一众厂商都在全力推动AI PC的发展，让它不仅仅只是产品，而是掀起PC行业的变革，是非常值得期待的。</p>,//copy.yesky.com/reshipart.jsp?aid=62919,"Thu, 14 Dec 2023 10:00:00 +0800",明年PC市场将迎来复苏：AI是关键因素，全产业链共同推动AI PC
<p>12月7日，“AI新生态 智启新元年——AI PC产业创新论坛”在北京联想总部举行。本届论坛聚焦AI PC与产业创新，与会嘉宾就大模型时代AI PC产业生态的形成与发展以及生态体系内AI技术（大模型）、算力（芯片）、终端、应用等核心厂商所承担的角色与责任进行了深入探讨。会上，各位专家加深了“PC是AI普惠的首选平台”这一共识。AI PC即将带来颠覆性的变化，PC产业生态将从“应用为本”转向“以人为本”，从应用驱动转变为意图驱动，用户成为行业生态创新的驱动者和创造者。</p>,//copy.yesky.com/reshipart.jsp?aid=62298,"Fri, 8 Dec 2023 17:50:53 +0800",AI PC产业创新论坛举办 AI PC元年近在咫尺
<p>总的来看，锐龙8040系列对比前代的变化并不大，CPU和GPU性能方面应该不会有非常明显的升级，算是挤了波“牙膏”吧，新整出的“准标压”8040HS虽然让产品命名更乱了，不过对于笔记本厂商来说，在产品的处理器选择上更为灵活了点。最大的升级应该是NPU这块了，提升了AI算力，赋予终端更强的AI性能，为即将到来的AI PC时代做准备。</p>,//copy.yesky.com/reshipart.jsp?aid=62085,"Fri, 8 Dec 2023 11:51:55 +0800",锐龙8040系列正式亮相：CPU/GPU架构不变，AI性能大幅提升
"<p>照片的意义不在于某个时刻的闪耀，而是那些再次回看也能回味无穷的瞬间。
</p>",//copy.yesky.com/reshipart.jsp?aid=83859,"Fri, 19 Jan 2024 16:43:01 +0800",OPPO 2024超影像大赛正式开启，携手Find X7 Ultra发现影像的更多可能
<p>「IT影响中国」自2002年创办以来，始终关注中国IT科技消费热点与科技行业年度风云变化，助力产业市场大环境良性发展。在近日举办的2023第二十二届“IT影响中国”年度盛典中，经评审委员会与大众评委综合评定，授予moto razr 40 Ultra“编辑金选奖”。</p>,//copy.yesky.com/reshipart.jsp?aid=83538,"Thu, 18 Jan 2024 17:09:12 +0800",2023年度IT影响中国：moto razr 40 Ultra荣获编辑金选奖
"<p>「IT影响中国」自2002年创办以来，始终关注中国IT科技消费热点与科技行业年度风云变化，助力产业市场大环境良性发展。日前，第二十二届IT影响中国评选已经落下帷幕，三星Galaxy Z Flip5凭借着精致时尚的外观设计、旗舰级别的硬件性能以及创新有趣的交互体验，荣获IT影响中国2023年度特别好物奖。

</p>",//copy.yesky.com/reshipart.jsp?aid=83432,"Thu, 18 Jan 2024 14:13:36 +0800",IT影响中国2023：三星Galaxy Z Flip5荣获年度特别好物奖
<p>三星Galaxy S24系列是一次常规的升级，基于足够优秀的S23系列进行小修小补，换用了新的处理器和摄像头，并且内置了目前大火的AI技术。S24 Ultra首次首次使用了钛合金机身，让手机的可靠性大幅提升。站在巨人的肩膀上，三星Galaxy S24系列无疑会成为2024年最优秀的手机之一。</p>,//copy.yesky.com/reshipart.jsp?aid=83420,"Thu, 18 Jan 2024 13:38:38 +0800",三星Galaxy S24系列手机发布，钛合金机身AI加持，国行先行者价格5999元起
<p>手机厂商“你来我往”一直到现在已经把所有能卷的都卷了个遍，将外观设计、影像、续航、性能、系统体验卷了个遍，就在年底新机“大战”中不难发现，如今厂商将手机屏幕亮度和护眼功能卷成了新的“比拼”方向。</p>,//copy.yesky.com/reshipart.jsp?aid=82966,"Wed, 17 Jan 2024 09:52:59 +0800",手机厂商你来我往卷出天际，荣耀Magic6系列绿洲护眼全屏实力
"<p>2024年刚进新年，荣耀就带来了最新一代的旗舰荣耀Magic&#160;6系列，它这次在影像、续航、通信、系统等方面，继续大幅升级，依然是“手机做载体，技术真本体”，除了荣耀Magic&#160;6系列，自研操作系统MagicOS&#8194;8.0也正式亮相。
</p>",//copy.yesky.com/reshipart.jsp?aid=82318,"Mon, 15 Jan 2024 09:00:00 +0800",荣耀Magic6系列发布，一同亮相的MagicOS 8.0有何过人之处？
<p>新年最佳礼物莫过于全新vivo S18 Pro，作为年度压轴之作，vivo S18 Pro携全新的“花似锦”配色惊艳亮相。不仅延续东方美学设计，还以X系列满分同款影像系统搭配影棚级柔光环、影棚级人像算法矩阵，改进了环闪，灯带更大、色温范围更广，并在智能色温调节的基础上做到了亮度自适应，定义人像新标准“影棚级人像”；除此之外，还将vivo&#8194;X系列的蓝海电池引入麾下，在仅有7.45mm的机身下内置一块5000mAh的超大电池，可以说S系列史上最强Pro机型。</p>,//copy.yesky.com/reshipart.jsp?aid=82187,"Fri, 12 Jan 2024 14:37:55 +0800",年末影棚级人像轻旗舰出圈体验，vivo S18 Pro颜值与实力并存
<p>1月8日，搭载第三代骁龙8的OPPO Find X7 Ultra发布，凭借内置AmdesGPT赋能各种系统应用，让手机的功能性和易用性获得了跨越式提升。第三代骁龙8的到来不仅夯实了AI在终端侧大规模落地以及生态加速完善的底层基础，也重新定义了旗舰手机。以往各家厂商会把拥有强劲性能、优秀拍照、精密做工以及具备象征性含义的手机称为旗舰机。如今，在此基础上追加了一条——智能体验。当内置大模型的手机陆续出现，AI对于人机交互体验带来的提升将会持续影响手机行业的创新和发展。</p>,//copy.yesky.com/reshipart.jsp?aid=81607,"Thu, 11 Jan 2024 11:42:37 +0800",第三代骁龙8加持 OPPO Find X7 Ultra展现AI赋能未来人机交互体验
<p>1月9日，ROG玩家国度举行CES 2024 ROG新品发布会，正式公布了ROG游戏手机8系列，包含ROG游戏手机8、ROG游戏手机8 Pro和ROG游戏手机8 Pro特别版三个版本。</p>,//copy.yesky.com/reshipart.jsp?aid=81331,"Wed, 10 Jan 2024 16:03:55 +0800",电竞机皇降临！ROG游戏手机8系列现身CES 2024：旗舰芯片，高刷屏，大电池
<p>2023年是一个充满挑战的年份，全球面临的经济、社会和环境问题依然复杂，企业和普通人需要应对各种不确定性。但2023年又是一个创新活跃的变革之年，以人工智能AI、生物技术和可持续能源等为代表的前沿技术正在产生更大的影响力，2023年是创新成果不断涌现的一年。对于科技圈来说，2023年这一年不仅有新品牌、新产品登上舞台，也有老企业、老产品的黯然离场；不仅有令人振奋的时刻，也有令人匪夷所思的“神操作”。让我们通过业内大事回顾2023年，一起看看今年的科技圈是什么样子吧！</p>,//copy.yesky.com/reshipart.jsp?aid=81154,"Tue, 9 Jan 2024 17:40:56 +0800",2023年度科技圈大事盘点（三）：新气象
"<p>全新影像旗舰OPPO Find X7 Ultra正式发布，定义移动影像的终极形态。Find X7 Ultra 首创的双潜望四主摄构成哈苏大师镜头群，以六个光学品质焦段提供目前手机最强大、品质最高的多摄变焦能力。
</p>",//copy.yesky.com/reshipart.jsp?aid=80980,"Tue, 9 Jan 2024 11:45:28 +0800",全焦段杜比视频，OPPO Find X7 Ultra以超光影呈现
<p>OPPO Find X7系列的发布带给我们的惊喜实在太多了，除了致敬经典的外观设计以及全新双潜望大师四摄之外，Find X7 Ultra还带来行业首个端侧部署70 亿参数大模型以及领先的端侧视觉大模型性能。</p>,//copy.yesky.com/reshipart.jsp?aid=80935,"Tue, 9 Jan 2024 11:19:27 +0800",超级端侧大模型，OPPO Find X7系列AIGC一键消除
<p>OPPO作为手机影像的引领者，在长焦方面已经有了自己的成就和牢固的基础，但OPPO却不止是满足如此。新年伊始，OPPO给大家的新年礼物就特别有诚意，全新影像旗舰OPPO Find X7系列正式发布，除了在外观、性能、系统等体验再创新高，影像上更是创新搭载了双潜望四摄、大师模式等一系列自主研发的技术，为OPPO Find X7 Ultra带来更出色的影像体验。</p>,//copy.yesky.com/reshipart.jsp?aid=80616,"Tue, 9 Jan 2024 10:00:00 +0800",OPPO Find X7 Ultra评测：摄影爱好者的第一部设备不必一定是相机
<p>一直以来，OPPO&#160;Find&#160;X凭借持续高端质感设计与领先行业的工艺技术，满足用户对其外观的需求与期待。全新发布的&#160;Find&#160; X7系列不但沿承着这份家族式的质感轻奢记忆，还带来极具中式美学的惊喜，与强大影像完美结合，带来不可思议的科技与美学融合体验。</p>,//copy.yesky.com/reshipart.jsp?aid=80653,"Mon, 8 Jan 2024 16:43:13 +0800",OPPO Find X7 Ultra打造时光美学，双色拼接设计再现经典
"<p>随着科技飞速发展，智能手机屏幕逐渐成为了国内各大手机厂商展现技术水平的一大亮点。消费者在使用习惯上也对屏幕提出了更高的要求。全新发布的OPPO Find X7系列就以全“屏”实力护眼周全。
</p>",//copy.yesky.com/reshipart.jsp?aid=80655,"Mon, 8 Jan 2024 16:42:54 +0800",4500nit动态峰值亮度新纪录，OPPO Find X7系列刷新Pro XDR体验
<p>今年开年最强影像旗舰OPPO Find X7系列正式发布，除了标志性的双拼色搭配寰宇的设计以及超强性能之外，最大的两点莫过于双潜望四主摄，完整覆盖等效&#160;14mm&#160;-&#160;300mm&#160;的创作焦段，由超光感潜望长焦和OPPO首创的人像特写潜望长焦组成独一无二的哈苏人像双潜望，配合新一代&#160;1&#160;英寸广角、5000&#160;万大底超广角，真正实现大师级的构图自由。</p>,//copy.yesky.com/reshipart.jsp?aid=80662,"Mon, 8 Jan 2024 16:41:09 +0800",专业哈苏人像全面蜕变，OPPO Find X7 Ultra搭载新一代1英寸大底传感器
<p>1月7日天极网了解到，OPPO新一代旗舰产品OPPO&#160;Find&#160;X7系列将会在明天下午两点三十分钟正式发布。小编相信许多小伙伴已经忍不住想要了解这款年度旗舰产品的庐山真面目了，其实OPPO官方已经放出了很多关于OPPO&#160;Find&#160;X7系列官方信息，下面小编就来带大家了解一下。</p>,//copy.yesky.com/reshipart.jsp?aid=80306,"Sun, 7 Jan 2024 18:00:00 +0800",OPPO Find X7系列爆料全汇总
"<p>经过多天的预热后，OPPO Find X7系列逐渐掀开了神秘面纱。作为OPPO Find X系列最新力作，除了高颜值、高性能，OPPO Find X7系列在影像能力方面相比上一代更强悍，全球首款双潜望摄像头，用前所未有的科技突破再创移动影像的新高度。
</p>",//copy.yesky.com/reshipart.jsp?aid=80669,"Sun, 7 Jan 2024 12:33:40 +0800",全球首款双潜望摄像头引期待！OPPO Find X7系列新品发布会倒计时1天
<p>1月5日消息，日前，三星发布了几个视频来展示Galaxy S24系列的部分功能，这是临近发布前的预热手段之一。视频中展示的功能都围绕“Zoom with Galaxy AI is coming”这一主题，也就是暗示三星Galaxy S24系列的影像模组将在AI的加持下实现独特的功能。</p>,//copy.yesky.com/reshipart.jsp?aid=80417,"Fri, 5 Jan 2024 18:08:12 +0800",AI+Galaxy！三星预热Galaxy S24系列AI影像功能
<p>这次华为P70三颗主流焦段的摄像头均会得到升级，并且提升幅度很大。以往华为经常会在新机型中使用以往机型的传感器，结合新的算法带来拍照表现的升级。而这一次华为选择了全面提升硬件部分的表现，配合新一代XMAGE影像，相信会让华为回归移动端拍摄能力的头把交椅。也正是从P70系列开始，华为Mate和P系列的产品定位区别将会变得更加鲜明。</p>,//copy.yesky.com/reshipart.jsp?aid=80331,"Fri, 5 Jan 2024 17:05:16 +0800",P70镜头参数曝光 华为Mate和P系列定位区别更加鲜明
<p>2022年的时间犹如白驹过隙，转眼间就来到了年中电商大促。今日，真我realme以“王炸开场”为主题，举办“真我618盛典发布会”，带来“火影忍者疾风传”联名的真我GT Neo3火影限定版手机、以及首款平板“真我平板X”。</p>,//copy.yesky.com/reshipart.jsp?aid=725985493,"Thu, 26 May 2022 18:07:15 +0800",千元价位段王者！真我realme正式发布真我平板X
<p>继OPPO Pad之后，OPPO又为广大消费者带来了一款全新的平板电脑：OPPO Pad Air，它又会带来什么样的体验，我们简单来看看。</p>,//copy.yesky.com/reshipart.jsp?aid=725985245,"Thu, 26 May 2022 09:49:35 +0800",OPPO Pad Air体验：颜值与实力并存的办公利器
<p>下一个十年到底谁才是中心的问题很难回答，但众多品牌开始涉足平板电脑的今天，新的赛道战役至少可以打响了。</p>,//copy.yesky.com/reshipart.jsp?aid=725854870,"Tue, 10 May 2022 10:33:17 +0800",看似“蓝海”但却“杀机四伏”，众厂商为何扎堆做平板？
<p>8月17日联想举办了“新启天&#8194;智未来&#8194;2021联想商用平板发布会”上，推出了五款全新的启天K系列商用平板，还公布了“3&#8194;x&#8194;6+&#8194;x&#8194;N”商用启天平板生态合作战略，以及联想商用平板方案合作伙伴计划——“启明星”。</p>,//copy.yesky.com/reshipart.jsp?aid=725788576,"Wed, 25 Aug 2021 13:12:08 +0800",三大核心能力覆盖万千行业需求 联想启天K系列商用平板智胜数字化未来
<p>8月17日，联想举办“新启天 智未来 2021联想启天K系列商用平板发布会”，推出了五款全新的启天K系列商用平板——K8，K10c，K10，K11，K11 Pro(5G)。与此同时，联想还公布了“3 x 6+ x N”商用启天平板生态合作战略，以及联想商用平板方案合作伙伴计划——“启明星”。</p>,//copy.yesky.com/reshipart.jsp?aid=725786986,"Wed, 18 Aug 2021 20:15:52 +0800",联想王立平：联想商用平板以积极合作实现生态联动，助力千行百业提质增效
<p>日前，2021魅客杯·智领奖正式公布，联想商用平板启天K10一举拿下创新解决方案奖，收获了评委会与行业同仁的一致认同。</p>,//copy.yesky.com/reshipart.jsp?aid=725786747,"Wed, 18 Aug 2021 14:16:49 +0800",2021魅客杯·智领奖结果公布 联想平板启天K10荣获创新解决方案奖
<p>2021年7月6日，华为正式发布了华为MatePad 11，这款电脑是面向大学生和职场新人的全场景智慧学习终端</p>,//copy.yesky.com/reshipart.jsp?aid=725770054,"Tue, 6 Jul 2021 20:20:00 +0800",搭载HarmonyOS 2，华为MatePad 11全面赋能高效学习
<p>海尔智能平板Leadpie系列M7 让“火星”生存体验更智能便捷</p>,//copy.yesky.com/reshipart.jsp?aid=725749570,"Tue, 8 Jun 2021 11:21:13 +0800",海尔智能平板Leadpie系列M7 让“火星”生存体验更智能便捷
<p>联想商用平板的产品都有哪些亮点呢？本次评测的联想商用平板电脑K11(下文简称“联想K11”)作为联想面向商用领域推出的高端产品，具有很强的代表性，通过了解这款产品提供的专业生产力，便可揭晓答案。</p>,//copy.yesky.com/reshipart.jsp?aid=725708410,"Thu, 22 Apr 2021 09:34:08 +0800",联想商用平板电脑K11评测：内外兼备软硬融合的专业生产力
<p>苹果刚刚召开了2021年的第一场新品发布会，带来了包括新款iPad Pro、iMac、AirTag等多款新品</p>,//copy.yesky.com/reshipart.jsp?aid=725708372,"Wed, 21 Apr 2021 18:17:55 +0800",用上M1芯片的新款iPad Pro能否撑起苹果万亿市值？
<p>北京时间4月21日凌晨1点苹果召开春季新品发布会，推出了AirTag、iMac、iPad Pro等众多新品，并为iPhone 12与iPhone 12 mini带来了全新的紫色配色。</p>,//copy.yesky.com/reshipart.jsp?aid=725707966,"Wed, 21 Apr 2021 03:40:13 +0800",苹果春季发布会新品价格一览：配件的配件比配件贵14倍
<p>从最新消息来看，苹果将在2021年第一季度发布采用mini-LED显示屏的新iPad Pro</p>,//copy.yesky.com/reshipart.jsp?aid=722955631,"Mon, 1 Feb 2021 11:31:57 +0800",苹果2021年春季新品发布会展望：全新iPad Pro/iPad mini打头阵
<p>苹果iPad Pro 2021渲染图曝光了，从渲染图来看该产品与上代相比变化不大，不过据爆料将采用Mini LED显示屏</p>,//copy.yesky.com/reshipart.jsp?aid=722320502,"Thu, 21 Jan 2021 16:57:44 +0800",苹果iPad Pro 2021渲染图曝光：Mini LED+全面屏设计
<p>今年微软在CES 2021上发布了Surface Pro 7+，在处理器、SSD存储、电池容量等关键硬件方面进行了更新</p>,//copy.yesky.com/reshipart.jsp?aid=721845249,"Thu, 14 Jan 2021 07:39:19 +0800",CES 2021：微软悄然发布Surface Pro 7+ 升级11代酷睿处理器
<p>据外媒报道，苹果即将在3月份发布11英寸和12.9英寸的新版iPad&#8204; Pro</p>,//copy.yesky.com/reshipart.jsp?aid=721555368,"Fri, 8 Jan 2021 17:41:37 +0800",苹果新款iPad Pro或将3月发布：采用 Mini-LED 屏 更厚
<p>面对全新的教学形式，平板电脑设备本身也需要作出改变与升级。为适应孩子们对于新形势线上教育的需求，华为推出了学习平板华为MatePad，一系列创新交互功能叫好又叫座。 </p>,//copy.yesky.com/reshipart.jsp?aid=721362548,"Tue, 5 Jan 2021 11:29:59 +0800",家庭教育投资占比高达50%？华为MatePad为家长注入强心剂
<p>最新爆料显示，苹果已经开始为春季发布会做准备了，而主角正是之前曝光多次的新款iPad Pro。</p>,//copy.yesky.com/reshipart.jsp?aid=721301855,"Mon, 4 Jan 2021 10:41:18 +0800",苹果即将发布全新iPad：换上mini LED屏、搭载A14X
<p>据外媒报道，苹果正在下派元件订单，其中GIS（业成）拿到了iPad Pro 5的触控模组订单</p>,//copy.yesky.com/reshipart.jsp?aid=720902917,"Mon, 28 Dec 2020 16:09:43 +0800",消息称12.9吋iPad Pro 5明年一季度发布：mini LED显示屏加持
<p>根据最新消息显示，苹果打算在2021年春季更新入门款iPad产品，也就是第九代iPad产品。</p>,//copy.yesky.com/reshipart.jsp?aid=720061910,"Mon, 14 Dec 2020 10:25:39 +0800",超高性价比！iPad 9细节曝光：苹果加量不加价
<p>根据国外消息人士的说法，iPad mini 6的基本情况已经确定，外观方面就是缩小版的iPad Air 4</p>,//copy.yesky.com/reshipart.jsp?aid=719295603,"Tue, 1 Dec 2020 10:39:17 +0800",苹果iPad mini 6外形、配置曝光：8.3寸全面屏+侧面指纹 缩小版iPad Air 4
<p>联想ThinkCentre neo S760商用一体机延续了ThinkCentre neo系列的高品质、安全可靠和环保基因，创新外观更精致现代化，同时在12代酷睿处理器等硬件加持下性能更澎湃，轻松应对更高负载多任务场景。值得一提的是，在功能方面产品充分考虑了现代化办公中多设备协同的需求，可以轻松组合笔记本、显示器、手机等终端外设使用，带来更高效、易用的工作体验。</p>,//copy.yesky.com/reshipart.jsp?aid=2147434660,"Wed, 14 Dec 2022 13:00:40 +0800",联想ThinkCentre neo S760评测：一体多用，开启高性能办公
<p>3月4日，联想召开“向阳而生——2022联想天骄智能学习生态春季新品发布会”，推出了联想天骄一体电脑、联想天骄14笔记本电脑、联想天骄平板电脑3款PC以及联想天骄智能投影仪T200、联想天骄护眼台灯、联想天骄智能学习桌椅、联想天骄AI词典笔等4款智能学习产品，共计7款新品齐发，为中小学生打造沉浸式智能学习生态。</p>,//copy.yesky.com/reshipart.jsp?aid=725826911,"Sat, 5 Mar 2022 11:03:30 +0800",联想天骄一体电脑发布：首发价5999元，三合一形态学习更轻松
<p>ThinkStation P520c是联想针对制造业、建筑业等行业，以及高精度三维设计仿真等需求推出的超值三维设计工作站。如果有专业用户抱怨设备有三维模型缩放旋转频频卡顿、渲染效果图耗时很久、启动程序加载工程缓慢等顽疾，那么ThinkStation P520c就是“一剂良药”。</p>,//copy.yesky.com/reshipart.jsp?aid=725673751,"Fri, 19 Mar 2021 14:06:42 +0800",专业铸就高效 联想ThinkStation P520c工作站助力企业降本增效
<p>2020年9月，联想ThinkStation工作站家族迎来了新任“性能担当”，全球首款也是唯一一款采用AMD 锐龙 Threadripper&#8194;PRO处理器的专业工作站、全球首款64核工作站——联想ThinkStation P620。</p>,//copy.yesky.com/reshipart.jsp?aid=725604703,"Thu, 18 Mar 2021 10:07:31 +0800",全球首款64核工作站的怪兽级生产力 联想ThinkStation P620评测
<p>2021年1月11日，2020年度“IT影响中国”评选结果揭晓。本次评选自去年11月份启动，12月初开始大众投票、专业评委会评选，历时超过两个月。最终全球首款也是唯一一款采用AMD&#8194;锐龙&#8194;Threadripper&#8194;PRO系列处理器的专业工作站——联想ThinkStation P620在诸多参选产品中脱颖而出，荣获年度创新奖。</p>,//copy.yesky.com/reshipart.jsp?aid=721540094,"Mon, 11 Jan 2021 10:00:00 +0800",全球首款64核工作站 联想ThinkStation P620获得IT影响中国创新奖
<p>九月初，联想召开了主题为“全面形态&#8194;专业一目了然”的ThinkCentre&#8194;M台式机家族发布会，每款新品都有着其独特的优势和应用场景。其中ThinkCentre&#8194;M838z一体机堪称是这次家族新品中的“颜值担当”，官方更称之是“漂亮的不像实力派”，说明它不仅是一款高颜值的产品，同时也有着十分强大的实力，下面我们就一起来看看吧。</p>,//copy.yesky.com/reshipart.jsp?aid=717582337,"Mon, 2 Nov 2020 10:39:30 +0800",ThinkCentre M838z一体机全面评测：商务优雅，尽显专业本色
<p>近日联想宣布将于9月23日召开主题为“智·造原力”的ThinkStation工作站全家族发布会，正式推出新款工作站，并将携手AMD、徐工集团、Foundry等合作伙伴分享工作站对于企业数字化变革的影响。</p>,//copy.yesky.com/reshipart.jsp?aid=715113366,"Mon, 21 Sep 2020 16:47:38 +0800",会是地表最强单路工作站吗？ 联想ThinkStation全家族发布会即将召开
<p>相较于传统的台式主机+显示器，一体机电脑在设计上更加的紧凑，所占据的空间要小很多，而且连线较少也能更好的保持桌面的整洁。海尔天越Q8一体机就是其中非常不错的代表，它不仅有着简约精致的外观，并且有着非常出色的硬件性能，下面我们就一起了解下吧。</p>,//copy.yesky.com/reshipart.jsp?aid=708965702,"Mon, 15 Jun 2020 09:54:23 +0800",海尔天越Q8一体机体验评测：一台能办公娱乐的大屏“显示器”
<p>为了更好满足用户多元化需求，ThinkStation工作站也提供更为丰富的产品型号及配置规格，从而让个人用户与企业IT采购都可以获得最佳解决方案。接下来要介绍的联想ThinkStation P520c便是一款为从事三维设计等工作的专业用户量身定制的超值工作站。</p>,//copy.yesky.com/reshipart.jsp?aid=708809556,"Mon, 15 Jun 2020 06:00:00 +0800",联想ThinkStation P520c工作站评测：三维设计高效可靠
<p>疫情让2020年的寒假变得格外漫长，在宅家就能做贡献的特殊时期，游戏就成为消磨时间的最佳方法。steam平台在线用户数量时隔两年再创新高，《CS：GO》、《Dota 2》、《绝地求生》等游戏火爆，一台好电脑，对游戏玩家来是度过寒假的绝佳利器。</p>,//copy.yesky.com/reshipart.jsp?aid=1684277422,"Thu, 12 Mar 2020 11:18:06 +0800",iGame  G-ONE游戏一体机的硬核玩家实录
<p>美国专利和商标局公布一份苹果递交的专利，专利中描述了一种使用一整块玻璃制作的iMac。这款设备的上半部分是显示屏，下半部分是输入区。连接上半部分和下半部分的玻璃将采用柔性材料，可以调整角度。输入区域也可以作为屏幕的扩展，让整个屏幕变成触控屏。</p>,//copy.yesky.com/reshipart.jsp?aid=604525808,"Thu, 30 Jan 2020 06:00:00 +0800",苹果新专利：使用一整块玻璃制造iMac
<p>英特尔在CES 2020期间公布新一代迷你机代号“幽灵峡谷”(Ghost Canyon)的NUC 9，最高可选8核心16线程的酷睿i9-9980HK，还能安装独立显卡。在英特尔做出表率之后，各个终端制造商也蜂拥而上，索泰公布更为强悍的“ZBox Magnus EN92080V”。</p>,//copy.yesky.com/reshipart.jsp?aid=430777591,"Thu, 23 Jan 2020 06:48:09 +0800",索泰发布超强迷你机ZBox Magnus EN92080V
<p>1月6日，雷霆世纪追猎者X8系列电竞一体机正式上架京东商城商城雷霆世纪品牌店并开启了预售。我也非常有幸在这款产品正式开售前就率先拿到并进行了体验，这款一体机给我的第一感觉就是一个大显示器，相较于传统主机的笨重，追猎者X8系列电竞一体机更加轻便，而且不需要很大的空间就可以摆放，那么它的体验究竟如何呢？下面就和我一起来看看吧。</p>,//copy.yesky.com/reshipart.jsp?aid=210822785,"Tue, 14 Jan 2020 09:52:03 +0800",雷霆世纪追猎者X8电竞一体机评测：微边框大屏就是爽
<p>今天要为大家介绍一款真正符合创意设计人群需求的产品——联想ThinkStation P328工作站。凭借内外兼备的设计，ThinkStation P328可以为用户提供软硬件协同深度优化的专业高效解决方案，一起来看看吧。</p>,//copy.yesky.com/reshipart.jsp?aid=2055888413,"Thu, 2 Jan 2020 11:52:46 +0800",联想ThinkStation P328工作站评测：卓越性能铸就专业高效
<p>近日，联想工作站新品ThinkStation P330系列正式上市，该系列包括ThinkStation P330 Tower、ThinkStation P330 SFF、ThinkStation P330 Tiny三种产品形态。其中，ThinkStation P330 Tower和ThinkStation P330 SFF均搭载最新英特尔&reg; 酷睿&#8482;八代处理器与英特尔&reg; 至强&#8482;E-2100系列处理器，以全“芯”性能，满足制造、建筑、传媒、金融等领域的基础三维设计、BIM模型构建、文化创意设计、VR/AR内容创建及深度学习等专业应用需求。 </p>,//copy.yesky.com/reshipart.jsp?aid=1806375139,"Fri, 31 Aug 2018 11:54:04 +0800",打造基础专业工作站 联想ThinkStation P330上市
<p>根据IDC数据显示，2018年Q2联想ThinkStation工作站以36.7%的市场份额再夺中国台式工作站市场第一。其中，联想单路主流工作站表现尤为强势。能够取得这一佳绩，得益于在中国工作站市场快速增长大背景下，联想对“工作站普及化”策略的持续推进，以更加符合中国用户应用需求的产品，成为单路主流工作站的首选。</p>,//copy.yesky.com/reshipart.jsp?aid=1775924973,"Wed, 29 Aug 2018 11:05:01 +0800",联想ThinkStation工作站再夺市场第一 单路主流工作站表现强势
<p> “业界最薄”一体式电脑宏碁Aspire S24将于4月份开卖，支持Qi无线充电，售价为879.99美元（约5500元人民币）起。</p>,//copy.yesky.com/reshipart.jsp?aid=595862662,"Tue, 3 Apr 2018 09:29:39 +0800",5500元！宏碁Aspire S24一体机4月开卖，支持Qi无线充电
"<p>在今年的CES 2018展会上，微软展示了Surface系列产品，在这其中，Surface Studio一体机无疑最为亮眼。
</p>",//copy.yesky.com/reshipart.jsp?aid=492945720,"Fri, 12 Jan 2018 11:30:55 +0800",微软Surface Studio闪耀CES 2018:一体机它最带感
<p>苹果iMac Pro内存升级方案被曝光，2018年1下旬起，iMac Pro用户可前往苹果授权服务商更换来自苹果的iMac Pro独立内存模块，可将内存有32GB升级到64GB和128GB版本。</p>,//copy.yesky.com/reshipart.jsp?aid=482729323,"Thu, 4 Jan 2018 10:48:41 +0800",苹果iMac Pro内存升级方案出炉 必须前往苹果授权服务商升级
<p>近来，iFixit对iMac Pro进行了一番拆解，他们发现了一块神秘芯片，据推测，该芯片有可能就是传闻中的A10。</p>,//copy.yesky.com/reshipart.jsp?aid=482614205,"Thu, 4 Jan 2018 08:38:00 +0800",拆解iMac Pro之后:惊现神秘芯片 或为A10 Fusion
<p>2020年的相机市场可谓热闹非凡，索尼、佳能、尼康、松下等为用户带来众多设备。近日，关于索尼FX3摄影机的消息得到众多玩家关注。2月15日消息曝光了索尼即FX3摄影机的更多信息。</p>,//copy.yesky.com/reshipart.jsp?aid=723843300,"Tue, 16 Feb 2021 13:08:29 +0800",索尼FX3全画幅视频机曝光：支持4K 120fps视频拍摄
<p>2020年马上要成为过去时了，你会以怎样的方式去迎接即将到来的2021年呢？</p>,//copy.yesky.com/reshipart.jsp?aid=721315888,"Mon, 14 Dec 2020 00:00:00 +0800",2021跨年迎新摄影征稿活动开始了
<p>徕卡在12月10日晚正式发布全新的SL2-S相机，搭载新开发的2400万像素全画幅BSI-CMOS感光元件，感光度提升至ISO 100000，支持最高每秒25张DNG格式的高速连拍，集摄影、4K视频。相机还使用最新研发的Maestro III处理器、4GB大容量缓存。</p>,//copy.yesky.com/reshipart.jsp?aid=719888009,"Fri, 11 Dec 2020 11:29:51 +0800",徕卡发布全画幅SL2-S相机 售价达3.58万
<p>10月24日，富士发X-Pro系列最新可更换镜头相机新产——X-Pro3。富士曾在9月于东京举办的X峰会上透露过X-Pro3的详情。</p>,//copy.yesky.com/reshipart.jsp?aid=293587133,"Thu, 24 Oct 2019 22:09:44 +0800",富士发布X-Pro3相机：最快秋季上市
<p>佳能(Canon)近日悄然更新了紧凑型可换镜头相机EOS M200，并已于本周正式上市。佳能美国总裁兼首席运营官Kazuto Ogawa表示，EOS M200整合众多特色的功能，是一款为经验丰富的摄影师打造的无反相机精品。</p>,//copy.yesky.com/reshipart.jsp?aid=1718947368,"Thu, 26 Sep 2019 14:22:07 +0800",佳能悄然发布EOS M200无反相机：支持4K视频
<p>在刚结束的东京X Summit体验峰会上，富士揭开复古设计X-Pro3新机的神秘面纱。</p>,//copy.yesky.com/reshipart.jsp?aid=1604935838,"Sat, 21 Sep 2019 23:28:30 +0800",富士X-Pro3：隐藏式LCD屏+混合电子取景器
"<p>2019年3月14日-17日，中国家电及消费电子博览会(Appliance&electronics World Expo，简称AWE)在上海新国际博览中心举办。展会中品种多样的家电产品顺理成章的成为了主角，不过松下作为为数不多涉及影像事业的厂商，在本届AWE中还将自家在今年全新推出的LUMIX全画幅系列产品带到了现场。让广大的摄影爱好者及专业人士，能近距离感受新品的独特魅力
</p>",//copy.yesky.com/reshipart.jsp?aid=1277343748,"Thu, 14 Mar 2019 21:42:23 +0800",AWE2019：松下邀您体验LUMIX全画幅系列
<p>X-T30小巧轻便，仅383g的重量，可以提供与富士Top级旗舰X-T3相似的高速性能。采用全新第四代背照式2610万像素X-TRANS 4 CMOS传感器，具有与X-T3相同性能的100%覆盖画面的相位检测自动对焦系统、面部与眼部对焦精度相比前代提升2倍，高达30幅/秒的高速无间断连拍、黑白色调调节功能、色彩增强效果和运动取景器模式，同时它搭载的高级智能场景识别等功能更能迎合大众用户的需求。</p>,//copy.yesky.com/reshipart.jsp?aid=1276112924,"Thu, 14 Mar 2019 20:25:00 +0800",富士轻旗舰无反X-T30火爆预售开启
"<p>2018年6月6日，索尼发布了最新一代的黑卡，与前几代黑卡不同的是RX100VI(DSC-RX100M6)采用了新开发的24-200mm/F2.8-4.5，带4档光学防抖镜头(8.3X变焦)，从一定意义上来说，完全可以一镜走天下。
</p>",//copy.yesky.com/reshipart.jsp?aid=1254825407,"Wed, 13 Mar 2019 21:17:46 +0800",旅行拍摄的最佳伴侣 索尼黑卡RX100M6
<p>索尼在2018年6月发布了黑卡RX100系列的第六代产品—RX100M6，它小巧的机身里搭载了约2010万有效像素1英寸的Exmor RS CMOS传感器、一支24-200mm的蔡司镜头、BIONZ X影像处理器、24张/秒高速连拍、F2.8-F4.5的大光圈以及触摸快门功能，可以说是诚意满满了。</p>,//copy.yesky.com/reshipart.jsp?aid=1254752761,"Wed, 13 Mar 2019 21:13:46 +0800",口袋全能相机 索尼黑卡RX100M6
<p>据外媒报道，佳能将于今年的第四季度推出EOS R的高像素版本机型。据称，该款相机采用了一块7000万像素的全画幅传感器，并搭载IBIS机身防抖系统，同时它还将配备双卡槽以及佳能单反相机的操控摇杆。</p>,//copy.yesky.com/reshipart.jsp?aid=1231574523,"Tue, 12 Mar 2019 19:59:48 +0800",EOS R升级版即将来袭 主打高像素拍摄
<p>2019年3月8日，由索尼中国专业系统集团主办、《数码影像时代》杂志社和中国广播电视设备工业协会数码影像委员会承办的2018“索”见不凡影像黑科技嘉年华颁奖典礼于在上海圆满举行。</p>,//copy.yesky.com/reshipart.jsp?aid=1205949333,"Mon, 11 Mar 2019 16:03:55 +0800",聚焦专业影像  “索”见不凡时代
<p>在去年9月进军微单领域的尼康，在今年的CP+2019展会上宣布，将会推出一款入门级全画幅微单来与佳能EOS RP抗衡。</p>,//copy.yesky.com/reshipart.jsp?aid=1203649143,"Mon, 11 Mar 2019 13:31:49 +0800",疑点重重！尼康入门款微单谍照曝光
"<p>导演韩寒表示，自己在很早就已经开始使用索尼微单系列相机，包括A7和A9等产品都有使用。在拍摄《乘风破浪》的时候，很多剧照都是韩寒亲自用A7系列相机拍摄的。韩寒之所以会选择索尼全画幅微单A7，主要是因为小巧和便携，因为他认为拍照的首要因素就是相机要随时带在身边，这样才能随时拍摄好的照片。此外，韩寒也表示索尼全画幅微单的画质表现非常好，一点也不输那些沉重的单反。
</p>",//copy.yesky.com/reshipart.jsp?aid=1116305733,"Thu, 7 Mar 2019 14:17:18 +0800",韩寒与《飞驰人生》剧组谈索尼全画幅微单
<p>“期待拍出和别人不一样的作品，更重要的是拍出和自己以前都不一样的东西，追求一个摄影师独特的风格和视角，追求内心中看到的那个场景发生的尤为真实的感受，和充分地表达那个场景的故事性。” </p>,//copy.yesky.com/reshipart.jsp?aid=1072724791,"Tue, 5 Mar 2019 14:37:10 +0800",知名野生动物摄影师Jeffrey Wu先生用尼康相机讲述自己的摄影故事
<p>2019年3月5日:  世界摄影组织今天宣布摄影师纳达·坎德获得索尼世界摄影大赛2019年度摄影杰出贡献奖。</p>,//copy.yesky.com/reshipart.jsp?aid=1072572487,"Tue, 5 Mar 2019 14:30:58 +0800",纳达·坎德 获得2019年索尼世界摄影大赛年度杰出贡献奖
"<p>对于野外拍摄，抓住机会及对焦速度都十分重要。索尼黑卡RX10M4支持每秒24张快速拍摄，0.03秒自动对焦可确保瞬间合焦，而约2010万有效像素拍摄野生动物，则保证照片张张生动。相机具备315个检测自动对焦点覆盖约65%的取景范围，对于飞行类目标追焦效果优异，自动追焦拍摄，让动态捕捉变得更加轻松。
</p>",//copy.yesky.com/reshipart.jsp?aid=1052774308,"Mon, 4 Mar 2019 16:45:03 +0800",周海翔谈索尼黑卡RX10M4生态摄影
<p>面对重重问题，韩寒和白玉侠寻找到行之有效的解决方案，那就是“黑科技”： 索尼黑卡迷你相机RX0。机身重量仅为110g，单反相机镜头盖大小。虽然机身小巧，但却搭载了一颗蔡司Tessar T*24mm F4广角镜头同时拥有着1英寸Exmor RSCMOS堆栈式影像传感器。</p>,//copy.yesky.com/reshipart.jsp?aid=1052669099,"Mon, 4 Mar 2019 16:42:01 +0800",是什么黑科技让《飞驰人生》剧组赞不绝口
"<p>2019年02月26日，索尼(中国)有限公司正式发布了备受期待的无线蓝牙遥控器RMT-P1BT，为需要便捷遥控相机*1拍摄的用户提供新的解决方案，让风光、建筑、星空、静物和群体人像摄影等题材的拍摄更轻松惬意。
</p>",//copy.yesky.com/reshipart.jsp?aid=938641172,"Wed, 27 Feb 2019 11:29:37 +0800",自由无线 索尼发布无线蓝牙遥控器RMT-P1BT
"<p>2019年2月26日:由中国摄影师潘建华拍摄的一幅引人注目的摄影作品荣获了享誉国际的摄影赛事——2019年索尼世界摄影大赛的公开组文化类奖项和中国专项奖。
</p>",//copy.yesky.com/reshipart.jsp?aid=919692266,"Tue, 26 Feb 2019 13:29:05 +0800",2019 SWPA公开组和国家地区专项奖今日公布
<p>小蚁智能摄像机3正式发布，在360°云台拍摄的基础上，引入人工智能AI和语音识别技术，让摄像机“大不同”。</p>,//copy.yesky.com/reshipart.jsp?aid=617854309,"Fri, 20 Apr 2018 15:59:04 +0800",小蚁智能摄像机3来了，360°云台、人工智能AI、语音识别三管齐下
<p>佳能更新Cinema EOS C700 FF，预计7月开卖，售价为3.3万美元（约合21万元人民币）。</p>,//copy.yesky.com/reshipart.jsp?aid=589769047,"Thu, 29 Mar 2018 14:41:24 +0800",佳能推Cinema EOS C700 FF全画幅摄影机 17：9、5.9K分辨率传感器
"<p>松下基于家庭用户的需求，推出了HC-VX985 4K数码摄像机。
</p>",//copy.yesky.com/reshipart.jsp?aid=435660384,"Tue, 28 Nov 2017 17:39:16 +0800",记录生活点滴 松下VX985摄像机评测
"<p>生活中，摄像机记录着人们成长的足记、分享感动的瞬间。伴随着人们生活的不断改善，越来越多的朋友开始购买摄像机来使用，不过许多朋友对于摄像机的购买经验是不足的，那么如何科学全面的去购买一款机器呢？笔者今天就为大家分享几点关于购买摄像机的心得体验，希望能够帮助到大家。
</p>",//copy.yesky.com/reshipart.jsp?aid=165507359,"Mon, 8 May 2017 10:12:28 +0800",记录美妙世界 三招教你如何科学选购摄像机
<p>松下HC-PV100是一台定位专业级的数码摄像机，该机主要针对商业摄像师，适合拍摄婚庆、商务会议等。通过性能测试和样片拍摄，我们可以看到这台机器是一台兼具专业与安全的综合性设备，在集合诸多功能的同时，兼具性价比。出色的成像系统结合镜头能够适应任何光照环境的拍摄。专业的机身设计具备很舒适的握持感。内置LED摄像灯，在低照度环境下也能从容拍摄。双SD卡槽的设计让数据更安全，实现不间断的拍摄。使用松下HC-PV100，不会再错过任何精彩瞬间。</p>,//copy.yesky.com/reshipart.jsp?aid=105079273,"Mon, 19 Sep 2016 16:13:17 +0800",生动影像 专业记录 松下HC-PV100性能解析
<p>数码相机和数码摄像机已经成为大众消费类产品，作为记录家庭生活的一种方式，越来越多的家用摄像机进入各个家庭中。而随着科技的发展，即便是家用型摄像机的类型也五花八门。记录静态影像的数码相机已经不能满足很多人的需求，越来越多的人喜欢上了数码摄像机。一般来说，大部分用户接触到的多为家用的消费及数码摄像机，这类机器具有一些简单的操控功能，较小的外形，便于个人携带使用，其实这只是数码摄像机的冰山一角。</p>,//copy.yesky.com/reshipart.jsp?aid=104970367,"Wed, 14 Sep 2016 14:59:05 +0800",专业设计 松下手持摄像机HC-PV100外观解析
<p>炎炎夏季已经来临，不管你向往的蓝色的海滩还是翠绿的丛林，只要走出去，享受阳光与微风组成的美好诗篇，就是对大自然馈赠的最好表达。在这个旅行的季节，如果你已经拥有了一台索尼微单&#8482;，那么是时候扩充一下自己的镜头群</p>,//copy.yesky.com/reshipart.jsp?aid=103922819,"Mon, 25 Jul 2016 18:19:07 +0800",旅行4K乐拍索尼镜头/摄像机促销开启
<p>在展会现场，微单&#8482;数码相机是索尼的重点产品，但是还有一个区域也是相当的引人关注，这就是佩戴式摄像机体验区，在这个区域里面展示了索尼的酷拍系列佩戴式数码摄像机，其中包括具有4K拍摄功能的X100V，以及具备变焦功能的AS50等，现场还展示了诸多的酷拍系列产品的配件。</p>,//copy.yesky.com/reshipart.jsp?aid=103908045,"Fri, 22 Jul 2016 06:00:00 +0800",P&I2016:玩转酷拍 佩戴式摄像机产品齐亮相
"<p>近日佳能官方人员在接受专访时透露，在将要召开的NAB 2016展会中，佳能除了会展出现有产品外，还会给大家带来一些惊喜。而且很有可能将会展出的“惊喜”，就是全新的8K摄像机和8K显示设备。也有人认为，这款8K摄像机会不会是传了很久的EOS C500的后续机型EOS C500 Mark II。
</p>",//copy.yesky.com/reshipart.jsp?aid=101491202,"Tue, 29 Mar 2016 18:05:41 +0800",佳能或正在备战NAB2016全美广播电视设备展
"<p>在阳光明媚的三月，刚刚迎来20周年纪念的索尼中国在北京举办大型品牌活动“索尼魅力赏”。索尼集团CEO兼总裁平井一夫先生到会并致辞，全面诠释由索尼产品、技术、服务和娱乐内容共同打造的独一无二的顾客体验，再次强调通过持续创新为用户带来感官和情感双重价值的索尼精神。索尼(中国)有限公司、索尼移动通讯有限公司、索尼音乐娱乐公司、索尼影视娱乐公司、索尼电脑娱乐公司、索尼国际教育有限公司等索尼在华企业共同参与活动，全面展示索尼集团跨越电子产品、音乐、影视、游戏、教育等领域的“One Sony”丰富资源。
</p>",//copy.yesky.com/reshipart.jsp?aid=101489022,"Tue, 29 Mar 2016 15:38:39 +0800","索尼举办""索尼魅力赏"" 迎接索尼中国20周年"
"<p>2016年3月24日，北京：CCBN开展首日，索尼在展台上发布了全新专业4K 手持式摄录一体机PXW-Z150，这款新产品可以实现4K*1高质量视频记录的功能，致力于打造轻便、易操作专业摄录一体机，成为XDCAM 系列的又一力作。使用手持式PXW-Z150 ，即使是刚入门的视频摄影师也能打造出卓越的画质，完美满足事件记录和活动拍摄任务的严苛要求。
</p>",//copy.yesky.com/reshipart.jsp?aid=101402685,"Thu, 24 Mar 2016 18:42:35 +0800",索尼推出新专业4K摄录一体机PXW-Z150
"<p>2016年3月24日，CCBN开展首日，索尼中国专业系统集团发布了XDCAM家族的新成员PXW-X580存储卡摄录一体机。PXW-X580采用精心的人性化设计，具备优异的配重和操作平衡性，为摄像师提供优异的操作体验。具有强大的网络连接和无线操作能力，XAVC-Long 50P格式和现场记录能力。这些优异的性能汇聚在一起，构成了一款多用途、高性能的强大工具，让新闻采访和现场节目制作专业人员如虎添翼。
</p>",//copy.yesky.com/reshipart.jsp?aid=101402837,"Thu, 24 Mar 2016 17:50:19 +0800",索尼首台肩扛式存储卡摄录一体机PXW-X580
"<p>2016年年初的时候，佳能一口气推出了包括家用型摄像机在内的多款2016年春季新品，其中就包括我们本次评测的佳能LEGRIA HFR76。相信很朋友对佳能的这款家用摄像机产品还很陌生，我们再为大家简单介绍一下，这款佳能LEGRIA HFR76采用了约328万总像素，1/4.85"" Full HD CMOS影像感应器、DIGIC DV 4影像处理平台。为了进一步提高佳能LEGRIA HFR76的画质，佳能在新机上面使用了源自佳能专业摄像机的""高光优先模式""，可真实地展现云彩的立体感，蓝色天空的质感，或者清晰地还原水面波光粼粼的效果，以使影像更具立体感。为了满足用户长时间拍摄的需求，新LEGRIA HFR系列标配大容量电池，可支持约180分钟拍摄时间。此外，还能轻松拍摄最高1200倍的快动作或1/2倍的慢动作视频，为短片带来更多趣味性，并且LEGRIAHFR76还支持从正常拍摄的短片中导出快动作文件的""播放时快动作转换""功能，普通的家庭用户即使不使用专业后期编辑软件，也能轻松制作出快动作短片。
</p>",//copy.yesky.com/reshipart.jsp?aid=101319542,"Tue, 22 Mar 2016 06:00:00 +0800",家用摄像机新选择 佳能HF R76功能评测
"<p>随着人们对于生活品质的不断提升，越来越多的人开始倾向于用身边的数码设备，去记录下来生活中所发生的事情。而作为目前主要针对家庭用户的摄像机机型，佳能旗下的LEGRIA系列一直在用户中拥有着比较不错的口碑。就在今年年初的时候，佳能的LEGRIA系列再次更新，推出了全新的机型LEGRIA HFR76。
</p>",//copy.yesky.com/reshipart.jsp?aid=101237791,"Sat, 19 Mar 2016 06:00:00 +0800",大小正合适 佳能HFR76摄像机外观评测
"<p>专业制作人员使用高端数字摄影机拍摄4K RAW文件时，工作流程中会出现诸多难题，而索尼的新一代CineAlta产品让这些问题迎刃而解：让用户在保持画面高质量的同时更加轻松地对大数据文件进行处理。
</p>",//copy.yesky.com/reshipart.jsp?aid=100832493,"Fri, 26 Feb 2016 14:45:51 +0800",索尼推出最新的CineAlta 产品
"<p>2016年1月15日，第五届索尼“精英100”超级视频大赛的颁奖盛典于索尼高清影视技术学院举行，来自全国各地的影视制作者相聚一堂，共同分享这次活动的经验与感受。
</p>",//copy.yesky.com/reshipart.jsp?aid=99975084,"Fri, 15 Jan 2016 17:37:57 +0800","第五届索尼""精英100""超级视频大赛落幕"
"<p>2016年1月6日，佳能(中国)有限公司发布3款家用数码摄像机新品，分别为满足视频爱好者需求的高端机型LEGRIA HF G40，以及面向更广泛家庭使用的LEGRIA HF R76/R706。LEGRIA HF G40采用了与2015年佳能专业摄像机新品相同的新HD CMOS PRO影像传感器和源自专业机型的高级伽马设置等专业功能，为使用者带来媲美专业机型的高画质;而LEGRIA HF R76/R706也同样应用了部分专业设置、并增加了播放时快动作转换等有趣的新功能，并进一步提升屏幕可视性，菜单设计也更为人性化。佳能此次新推出的3款家用数码摄像机新品进一步满足了不同家庭用户的需求，在让用户欣赏到高画质的同时，也增添了许多拍摄乐趣。
</p>",//copy.yesky.com/reshipart.jsp?aid=99786525,"Wed, 6 Jan 2016 15:17:20 +0800",佳能3款新摄像机可拍摄立体感画面影像
"<p>在今年12月京东便众筹了这样一款便利贴相机Compass，其是Foream(风云客)旗下不同于运动(Ghost S、Stealth2)和科技(商用4K摄像机SE)等产品定位的新型相机，主要定位在时尚运动——既传承运动基因，又赋予时尚魅力，更具特性。
</p>",//copy.yesky.com/reshipart.jsp?aid=99339412,"Wed, 16 Dec 2015 11:30:35 +0800",运动与时尚 Foream(风云客)Compass体验评测
<p>2015年11月2日，索尼在北京举办了外拍体验活动。此次带来的体验机型就是前不久索尼发布的专业级4K摄像机PXW-FS5。该机型是世界上首款搭载Super 35mm规格传感器的同时还内置电子可变ND滤镜的摄像机。索尼中国专业系统集团节目制作市场部大木良祐经理和产品经理代俊向现场嘉宾详细的介绍了这款索尼的最新产品。</p>,//copy.yesky.com/reshipart.jsp?aid=98461802,"Tue, 3 Nov 2015 06:00:00 +0800","""组装式""摄像机 索尼PXW-FS5体验"
"<p>现在很多年轻的父母，都希望能够记录下自己孩子的成长过程。但是照相机产品对于他们来说，可能会显得不是很适合拍摄视频，所以他们通常都会选择购买一天能够拍摄高清视频的家用DV。而大摄像机生产厂商也都有自己不错机型供用户选择，今天我们为大家推荐几款高清摄像机，希望本文能够给大家购买摄像机带来帮助。
</p>",//copy.yesky.com/reshipart.jsp?aid=97594215,"Mon, 21 Sep 2015 06:00:00 +0800",让宝宝看到自己的童年 家用摄像机推荐
<p>作为智慧终端存储协会（ITMA）推出的标准化产品，NM卡成为了华为、荣耀等品牌手机理想的存储扩容介质，在功能上代替MicroSD卡。Lexar雷克沙新推出的512GB大容量版，更是进一步提升了这种存储扩容形式的实用价值，值得手机用户体验。</p>,//copy.yesky.com/reshipart.jsp?aid=83925,"Mon, 22 Jan 2024 09:00:00 +0800",赋能行业领先的硬件生态 Lexar雷克沙NM存储卡512GB评测
<p>NVIDIA于2024年初带来的RTX 4070 SUPER，以及另外两款SUPER系列显卡，都是继续补充RTX 40系产品线，同时贴合当下市场实际情况与硬件玩家需求的产品。合适的性能定位搭配恰当的定价，使它们成为消费者在下一代硬件登场前的优质选择，值得想要DIY装机或升级显卡的玩家考虑。</p>,//copy.yesky.com/reshipart.jsp?aid=84016,"Fri, 19 Jan 2024 18:30:00 +0800",“SUPER”方案承上启下 AX电竞叛客GeForce RTX 4070 SUPER X3W MAX评测
<p>优秀的显卡配上优秀的主板会是怎么样呢？国创新生代高端硬件品牌iGame于1月9日正式发布&#160;iGame&#160;GeForce RTX 40&#160;SUPER系列显卡，iGame GeForce RTX 40 SUPER系列显卡装备在AIGC的浪潮中诞生，在满足游戏玩家3A大作需求的同时，也能够应对时下蓬勃发展的AIGC领域。</p>,//copy.yesky.com/reshipart.jsp?aid=83944,"Fri, 19 Jan 2024 17:24:43 +0800",实力拍档！七彩虹iGame Z790系列主板+GeForce RTX 4070 SUPER显卡
<p>经评审委员会与大众评委综合评定，第二十二届IT影响中国特授予闪迪至尊极速&#8482;移动固态硬盘卓越版(E61)以”年度编辑金选推荐奖“。</p>,//copy.yesky.com/reshipart.jsp?aid=83672,"Fri, 19 Jan 2024 10:49:39 +0800",IT影响中国：闪迪至尊极速&#8482;移动固态硬盘卓越版（E61）获编辑金选推荐奖
<p>近日，经评审委员会与大众评委综合评定，第二十二届IT影响中国特授予闪迪大师极锐&#8482;&#160;G-RAID&#8482; 致镜硬盘”年度影响力产品奖“。</p>,//copy.yesky.com/reshipart.jsp?aid=83670,"Fri, 19 Jan 2024 10:46:29 +0800",IT影响中国2023：闪迪大师极锐&#8482; G-RAID&#8482; 致镜硬盘荣获年度影响力产品奖
<p>一线显卡品牌七彩虹旗下iGame家族最新硬件装备iGame GeForce RTX 4070 SUPER系列显卡正式开售!作为NVIDIA Ada&#160;Lovelace架构的升级产品，iGame&#160;RTX 4070 SUPER系列显卡CUDA核心相较RTX&#160;4070增加了20%，拥有568 TOPS的AI算力，游戏性能超RTX&#160;3090，是游戏玩家及内容创作者的超能力装备，带来极强的使用体验。作为游戏玩家不容错过的甜品级进阶装备及内容创作者AIGC性价比首选装备，iGame&#160;GeForce&#160;RTX 4070 SUPER系列显卡已于1月17日22:00在七彩虹官网商城、京东、天猫、抖音、快手等电商平台及全国授权零售经销渠道开售!</p>,//copy.yesky.com/reshipart.jsp?aid=83417,"Thu, 18 Jan 2024 13:38:18 +0800",极客武装·玩创无限！iGame RTX 4070 SUPER系列显卡正式开售
<p>电脑外设一直是我们提高游戏体验、办公效率的重要设备。近日，小编就在考虑想要入手一款支持4K无线回报率的鼠标产品，但是目前市面上支持这个功能的鼠标要不就是附加条件很多，要不就是外形不如我心意。最后我还是选择了一款出厂就自带4K无线接收器，并且还有着8K有线回报率的鼠标产品-雷柏VT9PRO双高速双模无线游戏鼠标(后文简称雷柏VT9PRO双高速双模版)!</p>,//copy.yesky.com/reshipart.jsp?aid=83321,"Thu, 18 Jan 2024 06:00:00 +0800",雷柏VT9PRO双高速双模无线游戏鼠标评测：自带4K接收器 8K有线回报率
<p>评测前先说结论：这次的 iGame GeForce RTX 4070 SUPER Vulcan OC让人机交互进一步跨越，实属是新时代的“高端硬件装备”、在性能远超3090的情况下，功耗却只有其的一半。!在我从内到外深度体验了这款显卡后，发现它有着四大特点——全新的金属外骨骼主体设计;Vulcan专属尖端科技“智屏” ;—键超频带来全新交互体验;以及在2K分辨率下畅玩各类主流游戏3A大作的超强硬实力!让用户在满足2K分辨率下高性能游戏体验的前提下，还能享受强大算力带来的AI体验和高生产力体验。</p>,//copy.yesky.com/reshipart.jsp?aid=83316,"Wed, 17 Jan 2024 22:10:04 +0800",光追拉满 2K分辨率畅玩大作 七彩虹 iGame GeForce RTX 4070 SUPER评测
<p>备受玩家以及创作者关注的七彩虹GeForce RTX 4090 D已于1月10日在七彩虹商城和京东、天猫、、抖音、快手等电商平台及全国授权零售经销渠道开售!国创新生代高端硬件品牌iGame推出的iGame&#160;GeForce RTX 4090 D系列显卡将重塑游戏以及创作领域，让玩家高质量沉浸于游戏世界当中，达成“我游自在”的游玩体验新境界。同时，也为AIGC创作者及传统内容创造者们带来高效的创作体验!</p>,//copy.yesky.com/reshipart.jsp?aid=82312,"Fri, 12 Jan 2024 17:35:36 +0800",极客武装、创作体验！iGame RTX 4090 D龙年献礼
<p>在日常生活中，我们越来越离不开电脑。无论是工作、学习还是娱乐，电脑已经成为我们生活不可或缺的一部分。而要让电脑发挥出最佳的性能，关键就在于内存。金士顿公司推出的Kingston FURY Renegade DDR5 RGB内存能够达到8000MT/s，就是为了让你的电脑焕发生命力而设计的。</p>,//copy.yesky.com/reshipart.jsp?aid=81756,"Thu, 11 Jan 2024 17:34:01 +0800",追求卓越 从内存开始，Kingston FURY Renegade DDR5 RGB 内存注入新能量
<p>在CES 2024上，英伟达正式推出NVIDIA ACE（Avatar Cloud Engine）微服务技术，可提供AI模型和微服务。据了解，这项技术可让开发者将先进的生成式AI模型，融入到游戏、应用的虚拟数字人物中。</p>,//copy.yesky.com/reshipart.jsp?aid=81605,"Thu, 11 Jan 2024 11:37:41 +0800",NVIDIA推出NVIDIA ACE服务，与多家厂商合作将AI融入游戏角色
<p>AMD在CES 2024的发布会上带来了诸多新品，包括全新的锐龙8000G系列APU，它可以看做锐龙8040系列移动处理器的桌面版本，有着更高的TDP。还有AM4平台竟然还迎来了多款新品，包括锐龙7 5700X3D、锐龙7 5700等。</p>,//copy.yesky.com/reshipart.jsp?aid=80996,"Tue, 9 Jan 2024 12:13:16 +0800",CES 2024：AMD发布全新锐龙8000G系列APU，AM4平台迎多款新品
<p>极客武装·玩创无限!国创新生代高端硬件品牌iGame正式发布&#160;GeForce RTX 40&#160;SUPER系列显卡，新芯片组包含RTX 4070&#160;SUPER、RTX 4070 Ti SUPER以及RTX 4080 SUPER三款型号，他们是AI PC的核心，为最新游戏提供超强动力。NVIDIA发布GeForce&#160;RTX&#8482;&#160;40&#160;SUPER系列GPU基于NVIDIA&#160;Ada&#160;Lovelace架构的最新款GPU可提供高达52 SHADER TFLOPS、121 RT&#160;TFLOPS和836 AI&#160;TOPS，以增强游戏和创作能力，并为开发全新娱乐世界和体验提供强大动力。</p>,//copy.yesky.com/reshipart.jsp?aid=80840,"Tue, 9 Jan 2024 09:00:00 +0800",七彩虹发布iGame RTX 40 SUPER系列显卡，“游戏+创作”能力超强
<p>近日，由火星时代教育研发，NVIDIA提供技术支持，七彩虹硬件助力的联合线上公开课《AI设计商业化必修课》——从灵感到作品，一气呵成在火星网校平台上线。课程聚焦CG行业动态，AI设计商业化场景，结合实操案例算力测评，为大众普及AIGC创作知识，助力创意加速。</p>,//copy.yesky.com/reshipart.jsp?aid=80386,"Fri, 5 Jan 2024 17:37:04 +0800",七彩虹携手火星时代、NVIDIA三者为AI设计，创意加速
<p>七彩虹隐星系列笔记本2024高阶款首发登场!作为国内家喻户晓的老牌硬件厂商，七彩虹笔记本凭借着隐星系列在2023年再一次被玩家所追捧，其独特的科幻外观设计与硬核的双芯性能，包括让玩家们无法拒绝的价格都让隐星成为玩家首选。1月6日20点全新一代隐星笔记本高阶系列-隐星P15 TA预约开启，首发售价：6999元，感兴趣的用户赶快预约起来。</p>,//copy.yesky.com/reshipart.jsp?aid=80333,"Fri, 5 Jan 2024 17:16:22 +0800",隐星RTX 4070游戏本新品，首发价6999元，新外观，新配置，新体验！
<p>数天前，英伟达与部分AIC厂商堪称“悄无声息”地上架了一款在中国市场填补空缺的新旗舰，也就是RTX 4090D。此外，一直有消息的RTX 40 SUPER系列显卡届时将会在英伟达的特别演讲中亮相，并于1月下旬正式上市。</p>,//copy.yesky.com/reshipart.jsp?aid=79037,"Sun, 31 Dec 2023 10:50:00 +0800",D替换&SUPER升级 RTX 40系显卡新阵容将于2024年初登场
<p>今年市面上针对游戏的固态硬盘产品很多，在众多产品中，我推荐三星990 PRO以及其散热片版本，有了这样一款硬盘，再配合上你精挑细选过的CPU、显卡等硬件，相信你的游戏体验会有大大的提升。</p>,//copy.yesky.com/reshipart.jsp?aid=78178,"Fri, 29 Dec 2023 08:00:00 +0800",三星990 PRO游戏体验：除了CPU和显卡 硬盘也很重要
<p>前段时间，有个朋友想给家里人买台差不多的台式机，预算大概2K以内，然后给我发了好几张配置的截图，我一看直呼好家伙，各种神奇的描述和唬人的配置确实对于电脑小白来说很难去辨别，我只能说水太深，大家一不小心就容易把握不住。今天就趁这个机会和大家简单聊聊在网上选购PC整机时需要避开的一些坑，看到时要谨慎谨慎再谨慎，避免被忽悠。</p>,//copy.yesky.com/reshipart.jsp?aid=77111,"Wed, 27 Dec 2023 10:00:00 +0800",全是套路？ 网上买电脑主机，看到这些就快跑
<p>尽管现在支持的游戏还有限，但这个mod却让原本不支持DLSS 3帧生成技术的RTX 20/30系列显卡可以获得类似的体验，游戏帧率暴增，我愿称其为好活。不过，英伟达老显卡实现帧率翻倍，靠的居然是AMD的FSR 3，不知道老黄看到了作何感想...</p>,//copy.yesky.com/reshipart.jsp?aid=65500,"Mon, 25 Dec 2023 16:29:46 +0800",英伟达老显卡帧率翻倍的梦 竟然是靠AMD实现的...
"<p>2023年，PCIe 5.0固态硬盘依旧在“残血”状态摸爬滚打，无法与现有的PCIe 4.0乃至更早的3.0产品形成有效竞争，这当然离不开它的价格、生态壁垒，一部分原因也在于自身硬件性能尚未完整迭代。
PCIe 5.0固态硬盘为何还是“残血”？你想知道的都在这里</p>",//copy.yesky.com/reshipart.jsp?aid=64522,"Wed, 20 Dec 2023 16:30:00 +0800",PCIe 5.0固态硬盘为何还是“残血”？你想知道的都在这里
<p>今年冬天的哈尔滨旅游火遍全国，各个地区的宝子们都跑去 哈尔滨“受宠”，而怕冷的宝子们窝在家中有啥好玩法呢？虹领金不仅带来各种体育赛事，还有各种健身课程，又能看又能健康锻炼，助你畅玩整个冬天。</p>,//copy.yesky.com/reshipart.jsp?aid=83465,"Mon, 22 Jan 2024 08:00:00 +0800",怕哈尔滨太冷不敢去？虹领金带给宝子们新玩法
<p>窥其行业现状，我们可以发现“整体形势向好”是智能门锁行业最为明显的一个特点，那这究其根本，不外乎智能门锁的安全性能和便捷体验，进进出出轻松且便捷、室内居家安全感拉满。</p>,//copy.yesky.com/reshipart.jsp?aid=83888,"Fri, 19 Jan 2024 16:48:26 +0800",规模达451万台同比增长4% 2024智能锁市场将保持稳定增长
<p>近日全国的文旅大战冲上热搜，各地花式宠客让不少家庭开始准备冬季旅游计划。虽然说今年寒假绝对是一个出游的好时机，但对于有娃儿的家庭来说寒假学习和作业也是必不可少，如何才能让娃儿快速完成寒假学习计划，一家人开开心心去旅游呢？虹魔方公司推出整合优质教育资源的“爱学电视”，主打儿童家庭教育场景，帮助儿童高效完成寒假学习计划。</p>,//copy.yesky.com/reshipart.jsp?aid=83431,"Thu, 18 Jan 2024 14:05:27 +0800",学完去旅游！虹魔方大屏助力寒假高效学习
<p>洗地机集成吸拖洗+自清洁特性的特点，解决了以往清洁电器功能单一，一台机器没有办法解决地面的清扫拖难题，特别是对于处理干湿垃圾和顽固污渍等情况洗地机的清洁十分有效果。当前洗地机仍然是家电行业最火热的品类之一，市场关注度很高，行业也会持续有很多新品牌进入，产品2%的家庭渗透率，这也意味着未来无论是新增需求还是替代需求，洗地机都有相当大的增长潜力。随着科技的发展和消费者对家庭卫生和清洁要求的提高，洗地机逐渐成为一种必备的家用电器，未来，洗地机的发展将更加注重智能化和个性化，通过智能传感器和AI技术自动识别地面的污渍程度和类型，以此提高效率，实现更加轻松惬意的清洁体验。</p>,//copy.yesky.com/reshipart.jsp?aid=82901,"Tue, 16 Jan 2024 16:12:12 +0800",家庭清洁的革命性工具 洗地机在进化中快速成长！
<p>作为国内投影市场龙头企业极米也在展会之中展出了Horizon Max 4K投影仪、Aladdin阿拉丁神灯等产品，接下来，随着我们的脚步来具体看一看。</p>,//copy.yesky.com/reshipart.jsp?aid=81671,"Thu, 11 Jan 2024 16:29:13 +0800",极米携Horizon Max 智能投影、Aladdin神灯亮相CES 2024
<p>创维在CES2024上展出了旗下的光伏和储能产品，这是创维首次在CES上展出新能源业务。</p>,//copy.yesky.com/reshipart.jsp?aid=81666,"Thu, 11 Jan 2024 15:48:29 +0800",CES2024：创维展出光伏及储能等新能源产品
<p>CES2024展会上，海信展出了光伏产品，包括逆变器、储能，与光伏板、热水器、空调组成了一个完整的家用光储充解决方案。</p>,//copy.yesky.com/reshipart.jsp?aid=81658,"Thu, 11 Jan 2024 15:18:50 +0800",CES2024：海信光伏逆变器、储能带动中央空调
<p>天极网在CES2024展会上看到了品胜参展带来的充电储能、手机电池屏幕、蓝牙耳机等多条产品线的最新产品。</p>,//copy.yesky.com/reshipart.jsp?aid=81314,"Wed, 10 Jan 2024 15:28:21 +0800",CES2024：品胜展出充电储能、手机配件等产品
<p>CES2024展会上，我们看到了吸尘器品牌eureka的最新产品。</p>,//copy.yesky.com/reshipart.jsp?aid=81303,"Wed, 10 Jan 2024 14:47:22 +0800",CES2024：百年吸尘器品牌eureka优瑞家亮相展会
<p>TCL超薄零嵌系列冰箱T9，是一款专为一体式家居设计的嵌入式冰箱，它采用底部散热技术，可实现零距离无缝式嵌入，前后左右距离都约等于0厘米，有效解决了需要预留两侧散热空间的问题。TCL T9机身达到580mm超薄，可完全嵌入橱柜，冰箱门与橱柜自然平齐，不会凸出。来看详细评测。</p>,//copy.yesky.com/reshipart.jsp?aid=62264,"Wed, 10 Jan 2024 06:00:00 +0800",质价比强大 TCL超薄零嵌入冰箱T9评测
<p>1月9日晚，家用投影行业领军品牌极米举行十周年新品发布会，正式带来RS 10 Ultra、RS 10 Ultra典藏版以及RS 10 mini。RS 10 Ultra、RS 10 Ultra典藏版搭载全球首个护眼三色激光技术——Dual Light 2.0护眼三色激光，并将新一代Eagle Eye鹰眼计算光学5.0技术和全自动云台结合，开启投影“自动驾驶”时代。</p>,//copy.yesky.com/reshipart.jsp?aid=81180,"Tue, 9 Jan 2024 22:31:43 +0800",极米十周年献礼 RS10 Ultra“把顶级影院巨幕搬回家”
<p>.9日，LG在CES 2024展会上发布了77 英寸Signature OLED T透明电视、&#160;全新的LG OLED C4、SC9S 条形音箱以及20英寸至40英寸左右的游戏OLED显示屏幕。LG Display在拉斯维加斯会展中心北厅和西厅分别设立以“更加美好的未来”为主题的主展馆和车载显示专门展馆，主要展示超越画质和性能极限的大尺寸OLED新技术，以及一系列新品。</p>,//copy.yesky.com/reshipart.jsp?aid=81041,"Tue, 9 Jan 2024 16:04:36 +0800",CES 2024：LG推出透明电视等多款新品，搭载4K分辨率无线传输技术
<p>当下已经有足够丰富的投影产品供我们选择，对进入社会的年轻“Z世代”而言，在租房、卧室等环境中获得更高品质的影视娱乐体验不再是一件难事。近期，我们就对哈趣新推出的K2投影进行了体验，主打紧凑体型、年轻化风格的它能否成为年轻人的高品质选择？我们一起来看。</p>,//copy.yesky.com/reshipart.jsp?aid=80697,"Mon, 8 Jan 2024 14:00:00 +0800",性价比拉满的千元卧室投影 哈趣K2投影评测
<p>近期，我们对经过升级的灵控桌面“追光版”进行了体验，它作为搭载在雷鸟电视上的专属版系统，结合了年轻化与极客风的特点，相比此前的灵控桌面在视觉风格、功能体验方面再次得到升级，我们一起通过实测来了解。</p>,//copy.yesky.com/reshipart.jsp?aid=78720,"Mon, 8 Jan 2024 08:00:00 +0800",电视行业的“二向箔” 雷鸟灵控桌面追光版评测
<p>据了解，近日，专注于显示器领域KTC也推出了一款型号为A32Q7的“随心屏Pro”闺蜜机新品，并且已与电商平台上线，主打32英寸4K屏和8GB RAM+128GB存储空间。屏幕方面，KTC闺蜜机Pro采用4K屏幕，尺寸为32英寸，具备十点触控，通过德国莱茵硬件低蓝光认证。</p>,//copy.yesky.com/reshipart.jsp?aid=80332,"Fri, 5 Jan 2024 17:15:48 +0800",KTC推出闺蜜机Pro新品，预计今年这个新物种将继续出圈
"<p>天极网从ZNDS智能电视网获悉，当贝将出席CES 2024，而首款Google TV&#8482;激光投影仪当贝Atom将亮相。CES是全球最大的消费电子盛会，当贝将在CES 2024上推出搭载下一代创新投影技术的新产品，除了当贝Atom以外，具有2450 ISO流明的当贝Mars Pro 2 Google TV&#8482; 4K 激光投影仪、当贝超级全色激光投影X5 Ultra、4K超级大平板当贝PadGO闺蜜机等产品都将与大家见面。

当贝展位位于威尼斯世博会AD馆 50965号。</p>",//copy.yesky.com/reshipart.jsp?aid=79807,"Thu, 4 Jan 2024 14:08:46 +0800",CES 2024：当贝首款Google TV激光投影仪Atom参展
<p>平屋顶、斜屋顶是最常见的屋顶形状，面向户用市场的光伏企业都有推出相应解决方案。前段时间我们已经有文章进行了详细介绍，今天本文以创维光伏的金装房为案例来进行实际展示。</p>,//copy.yesky.com/reshipart.jsp?aid=79781,"Thu, 4 Jan 2024 11:26:27 +0800",从单面发电到双面发电，创维光伏的金装房及升级版Pro
<p>根据官方给出CES 2024的预期数字中，参展人数将会达到1300000人以上，将会有1000+的初创公司以及3500+的参展商，可见其规模之大对于科技行业的影响之强。据了解，包括一加、松下、三星、索尼、佳能、当贝、海信、森海塞尔、LG等国内外知名企业将参加2024 CES国际消费类电子产品展览会，将在大会上展出最新的消费电子产品，引领行业新趋势。其中，作为每年CES展会上的常客，三星和LG作为知名显示厂商，除了带来全新的智能家居设备，LG和三星也还将展示其全新显示设备。</p>,//copy.yesky.com/reshipart.jsp?aid=79653,"Wed, 3 Jan 2024 16:21:12 +0800",三星Odyssey OLED、LG MyView 4K智能显示产品将亮相CES 2024
"<p>2024年1月9日-12日，世界规模最大、水平最高、影响最广的美国拉斯维加斯国际消费类电子产品展览会(CES&#8194;2024)将盛大举行。
近年来历届CES展会上都少不了中国科技企业的身影，本次TCL实业就将携带超过100款前沿产品，展示显示技术、智能终端等领域领先的产品组合。</p>",//copy.yesky.com/reshipart.jsp?aid=79038,"Sun, 31 Dec 2023 16:00:00 +0800",科技企业走向世界 TCL即将亮相CES2024 带来哪些看点？
<p>那随着时间的临近，目前，关于展会的相关讯息已经有了不少的发布，小编也看到了一些比较令人兴奋的产品和一些最新的创新技术，那这篇文章就像来给大家汇总一下在即将在CES 2024展会上亮相的一些比较好玩、有意思的科技产品，话不多说，就随着我们一起来看看吧。</p>,//copy.yesky.com/reshipart.jsp?aid=78141,"Thu, 28 Dec 2023 14:58:02 +0800",先睹为快 CES 2024上几款新奇科技新品
<p>积木相信大家都玩过，不同形状积木的拼接能够实现天马行空的臆想，尤其对于小朋友来说，积木成为益智好玩具。全球知名优质玩具生厂商，致力于让玩具更具乐趣，让不同年龄段的朋友们玩的开心，乐高玩具成为大小朋友的心头好。这不，正在进行的2018巴黎车展上，乐高带来了更为神器的积木超跑——布加迪Chiron</p>,//copy.yesky.com/reshipart.jsp?aid=161697659,"Wed, 3 Oct 2018 14:05:38 +0800",再造奇迹 百万积木搭建布加迪Chiron时速飙至20km/h
<p>今天为大家推荐Energypad车载无线充电器，采用新颖的T型稳固卡扣式设计，轻松将支持无线充电的手机放置于其上，便能立即充电，比普通手机夹更加美观之余，再也无需担心忘插充电线了!</p>,//copy.yesky.com/reshipart.jsp?aid=666461400,"Tue, 29 May 2018 06:00:00 +0800",是时候取代手机夹了！EnergyPad车载无线充电器评测
<p>经历过国庆出游的车友们心中只有一个念头“堵”，旅游风景区堵，走亲访友堵，自驾返程堵……这揪心的路况并不是一朝一夕能够解决的，唯有准备充分从容面对才不至于在出行时措手不及。下面就一起来看看适用于自驾出行的汽车电子神器都有哪些</p>,//copy.yesky.com/reshipart.jsp?aid=371528503,"Tue, 10 Oct 2017 06:00:00 +0800",自驾出行必备神器 你不知道的都在这里
<p>黑科技给人的感觉就是各种狂拽酷炫令人惊奇，就像科幻电影中震撼的场面令人脑洞打开，而当黑科技落地到我们日常使用的汽车电子产品之中，又将起到怎样的化学反应，为车友带来哪些酷炫实际的智能便携性呢？下面一起来看看可可行智能车载HUD的视频体验，感受一下汽车黑科技落地后的智能安全</p>,//copy.yesky.com/reshipart.jsp?aid=471536379,"Fri, 29 Sep 2017 15:34:09 +0800",汽车黑科技看这里 可可行智能车载HUD视频体验
<p>致力于为车友提供安全智能车载抬头显示设备的可可行，最新V6.0版本系统已经全面推送上线了，选购了可可行智能HUD的车友们赶紧行动起来，一起体验新版系统带来的诸多便利</p>,//copy.yesky.com/reshipart.jsp?aid=355643868,"Tue, 26 Sep 2017 18:59:15 +0800",可可行智能HUD全新V6.0版助力智能安全出行
<p>智能硬件的飞速发展，为电子产品赋予了灵动的生命，而在汽车电子市场中，表现最为卓越的莫过于车内的后视镜产品进化。从早期单一的后视功能转向全面智能的安全驾驶辅助设备，独一无二的上帝视角、前后兼顾的安全守护、多元安全的车规系统、智能精准的交互方式，让记录仪在后视镜领域大展拳脚，迅速成为车友出行必不可少的爱车伴侣</p>,//copy.yesky.com/reshipart.jsp?aid=225709891,"Wed, 19 Jul 2017 06:00:00 +0800",随心而动完美体验 360记录仪后视镜M302评测
<p>关注汽车的朋友们相信对汽车黑科技都有一定的了解，尤其在上个月的上海国际车展中，原车厂商携手科技巨头共同演绎的汽车黑科技盛宴依旧历历在目，无论是车载系统的AI智能化还是辅助驾驶安全的各类增益功能（手势识别，指纹识别，传感技术……），都是加速车友们享受智能车生活的原动力。当然在科技盛宴的大展中，即将到来的CES Asia2017也是含金量极其之高的，届时又有哪些汽车黑科技值得大家期待呢？小编在此提醒大家，上海丹诺西诚智能科技有限公司将携旗下荣誉产品HUDVision抬头显示器参加本次CES Asia2017展会，相信其炫酷的抬头显示器必将给予你莫大的惊喜</p>,//copy.yesky.com/reshipart.jsp?aid=195698141,"Sat, 27 May 2017 06:00:00 +0800",上海丹诺西诚HUDVision抬头显示器评测
<p>卡仕达·镜智能后视镜是一款功能强大的产品，完全可以满足车主朋友的日常使用要求。内置了高精准的智能语音语义识别，方便快捷的手势感应操作等。除此外，卡仕达·镜智能后视镜全面打通了和手机的联动，通过手机APP，实现定位、接人、拍照、轨迹回放等功能，非常方便。</p>,//copy.yesky.com/reshipart.jsp?aid=176030909,"Wed, 17 May 2017 06:00:00 +0800",有镜者事竟成 卡仕达·镜功能强大一机全能
<p>第十七届上海国际汽车展将于2017年4月19日在上海国家会展中心隆重开幕，作为中国乃至全球较重要的A级车展，以“致力·美好生活”为主题的本届车展必将迎来中外汽车巨头的汇聚，都将展现各自最新的科技与产品</p>,//copy.yesky.com/reshipart.jsp?aid=140171845,"Wed, 19 Apr 2017 06:41:42 +0800",2017上海国际车展: 隐藏最深的汽车黑科技
<p>3月31日，博世与远盟康健联合在北京召开“中国E-Call紧急救援，出行安全保障体系发布会”，携手在中国发布“i救驾”紧急呼救系统，将在欧盟已经普及的eCall自动紧急呼叫系统引进中国。</p>,//copy.yesky.com/reshipart.jsp?aid=118929939,"Fri, 31 Mar 2017 20:45:24 +0800","博世携手远盟康健推出""i救驾""紧急呼救系统"
<p>明天就是元宵佳节，春节的假期也将圆满落幕。相信大部分的上班一族已经早早的开始了鸡年全新的路程，相对于过年期间，大城市里畅通无阻的道路出行，伴随着各企业单位陆续开工，路上行驶车辆开始了显著激增，拥堵的路况又将再次来临，对于车主来说</p>,//copy.yesky.com/reshipart.jsp?aid=108436955,"Fri, 10 Feb 2017 11:37:26 +0800",年后拥堵再现 自驾出行必备神器知多少
<p>近日，一朋友过来向我抱怨，新车进行首保时4S店竟然让他更换轮胎，5000公里不到就出现了严重的轮胎磨损，这让他非常不能接受。小编随后了解到，致使轮胎两侧磨损的原因还在于胎压过低，造成轮胎两侧长时间处于磨损状态，这也印证了许多新手司机的错误观念——“只要车胎不瘪，车就能跑”。</p>,//copy.yesky.com/reshipart.jsp?aid=107541966,"Thu, 29 Dec 2016 15:07:17 +0800",为安全而生 卡仕达·安胎压监测系统体验
<p>十一拥有为时七天的旅行黄金周，大部分的朋友均选择了此时进行外出旅行，自驾于山林水秀之间，享受大自然的静怡。大部分的朋友们都已返程准备投入到即将来临的工作和学习当中，当然也有部分自驾的朋友选择错开返程高峰延时返工。当然，在国庆前后都属于交通高峰期，在合适的时段选用合适的汽车电子产品辅助，让你的返程快捷方便，规避拥堵及罚单。为此，</p>,//copy.yesky.com/reshipart.jsp?aid=105475596,"Sat, 8 Oct 2016 06:00:00 +0800",十一黄金周 返程必备汽车电子产品精选推荐
<p>伴随汽车保有量的稳步提升，让汽车电子产品跟着火爆一时，无论是从导航指路的导航仪、预警测速的电子狗，到预防碰瓷的行车记录仪，都成了有车一族自驾出行的必备装备。要说其中最为火热的，莫过于寄美貌与性能一体的智能后视镜产品。取代原车后视镜小尺寸屏幕的桎梏，将导航、预警、前后录像、智能应用等多功能集于一身，在简化车内电子产品的同时，功能上也满足了车友的出行需求</p>,//copy.yesky.com/reshipart.jsp?aid=105328333,"Wed, 5 Oct 2016 06:00:00 +0800",真金不怕火炼 智能后视镜电商排行榜
<p>在豪车行列中宝马一直是深受车友喜爱的，主要还来源于德国人细致严谨的态度，在安全性上给予了车友极大的保障，搭配上时尚的设计感和动力十足的性能表现，让宝马在安全舒适性上更胜一筹。然而，即使是以严谨著称的宝马，在某些方面也存在不如人意的地方：如小巧的车机屏幕、宝马独有的层级式iDrive操控体验、NBT多媒体车机系统等，相比目前火热的汽车电子产品总有一些体验不足</p>,//copy.yesky.com/reshipart.jsp?aid=104799862,"Tue, 6 Sep 2016 16:09:14 +0800",锐不可挡 卡仕达·锐带上宝马一起飞
<p>智能后视镜的火热已经毋庸置疑了，市面上琳琅满目的后视镜品牌，大同小异的功能特性，让不少车友望而兴叹，即愿意通过高新科技来改善自己的生活，又不想因为选择不当而造成不必要的麻烦。为此，小编在这为大家推荐了几款较为不错的智能后视镜导航产品，均属于业内知名企业出品，在品牌和品质有着绝对的保障</p>,//copy.yesky.com/reshipart.jsp?aid=104700578,"Wed, 10 Aug 2016 16:12:01 +0800",功能迭代推陈出新 市售智能后视镜推荐
<p>知名品牌的深入人心，造就了经典产品的恒古流传。而在汽车电子后市场中，智能后视镜无疑最为火热，持续两年多的全速发展，为其后续腾飞打下了坚实的基础，在行业中无论是老牌劲旅还是新入厂商，都想在其中占据一角。来自知名导航地图厂商道道通，近几年也做出了创新性的改革，从最初的专精导航地图，到现在的软硬结合多元化发展，凭借公司雄厚的资本和不俗的研发实力，上市产品均受到了车友的亲睐</p>,//copy.yesky.com/reshipart.jsp?aid=104130014,"Thu, 4 Aug 2016 18:44:48 +0800",大屏装世界 道道通D-B06智能后视镜评测
<p>虽然是炎炎夏日，但想着已过一半的暑假，剩下的日子还宅在家里久显得过于无聊了，何不趁着时光正好之时，邀上三五好友，驾驶自己的爱车来一场说走就走的自驾。当然，自驾出行前的旅途规划是必不可少的，同样的汽车伴侣电子产品也需要准备充足。小编在此为大家推荐的就是保障了精准导航出行的智能化产品，让你的旅途处处充满欢声笑语，下面就来看看有没有你需要的吧</p>,//copy.yesky.com/reshipart.jsp?aid=104700435,"Sun, 31 Jul 2016 16:01:27 +0800",暑假出游 这些汽车电子产品你值得拥有
"<p>暑假期间，许多家长都会带着孩子们一起外出自驾游旅行，如果汽车上没有导航，可能会带来诸多不便，无论是道路选择还是路面交通状况，导航都能够为车主带来许多方便。或许有些朋友认为手机导航也能够解决，可是无论准确度和信号等方面，手机导航都难以与车载导航相比，只有专业才是安全放心的选择。今天推荐几款市售热门车用导航，绝对是用户的好帮手哦!
</p>",//copy.yesky.com/reshipart.jsp?aid=103096247,"Mon, 25 Jul 2016 12:00:54 +0800",自驾游旅行没有GPS?强力车用导航推荐
"<p>当下科技的迅猛发展，在互联网+大时代下促成了汽车后市场的腾飞，后视镜产品更成为众多产品中的璀璨明星，无论是汽车后市场老牌劲旅还是新进厂商纷纷开启了自己的后视镜市场行业开拓。今天为大家推荐几款热门的后视镜，准备入手后视镜的朋友们可以多加关注哦！
</p>",//copy.yesky.com/reshipart.jsp?aid=103116123,"Thu, 16 Jun 2016 13:27:09 +0800",智能实用才给力!市售热门后视镜推荐
"<p>XDA社区近来发现新一代Android操作系统将会在应用没有响应的时候直接关闭应用。
</p>",//copy.yesky.com/reshipart.jsp?aid=650610640,"Wed, 16 May 2018 09:37:36 +0800",来个痛快！Android P将直接关闭无响应应用
"<p>好消息是，在接下来的Android P升级之中，谷歌便将在后台应用的平台上显示信息，展示有哪些应用访问了手机上的摄像头或麦克风。
</p>",//copy.yesky.com/reshipart.jsp?aid=643039829,"Thu, 10 May 2018 10:31:31 +0800",Android P可让用户了解哪些应用正在获取你的隐私
<p>Google Assistant在使用方面将更加自然化，用户在进行语音指令的时候，不必每次都要喊出“Hey Google”。</p>,//copy.yesky.com/reshipart.jsp?aid=641733917,"Wed, 9 May 2018 09:49:04 +0800",Google Assistant语言将更加自然化：新增6种声音
"<p>彭博社的Mark Gurman透露，iOS 13系统将带来一些更多的、专注于iPad的功能(诸如主菜单的重新设计等。)
</p>",//copy.yesky.com/reshipart.jsp?aid=637880887,"Sun, 6 May 2018 09:31:15 +0800",传苹果iOS 13将带来更多专注于iPad的功能
"<p>据最新消息，三星Galaxy S6, S6 Edge，S6 Edge+和S6 Active这几款手机都将停止迎来系统更新。</p>",//copy.yesky.com/reshipart.jsp?aid=595871497,"Tue, 3 Apr 2018 09:48:38 +0800",再见了：三星Galaxy S6系列将不再迎系统更新
"<p>最新的探索发现，Android P或支持手机在连接特定设备或配件的时候自动打开应用。
</p>",//copy.yesky.com/reshipart.jsp?aid=580562594,"Thu, 22 Mar 2018 09:10:17 +0800",探索Android P：手机连接特定设备后或自动开启应用
"<p>今日(3月19日)，MIUI官方又指出京津冀互联互通卡稳定版又亮相了。
</p>",//copy.yesky.com/reshipart.jsp?aid=577056298,"Mon, 19 Mar 2018 15:04:29 +0800",小米：京津冀一卡通正式上线 开卡服务费10元
<p>谷歌指出全新的名称更能够反映公司在该平台上的愿景，其决定将Android Wear更名为Wear OS。</p>,//copy.yesky.com/reshipart.jsp?aid=572899761,"Fri, 16 Mar 2018 08:42:01 +0800",迎合趋势：谷歌宣布Android Wear正式更名为Wear OS
<p>配件厂商Shure在Twitter上透露iOS 11.3正式版将会在下周正式上线。</p>,//copy.yesky.com/reshipart.jsp?aid=548817397,"Sun, 25 Feb 2018 10:31:01 +0800",配件商:苹果下周推送iOS 11.3正式版 性能管理功能来了!
<p>在谷歌内部平台问题追踪(Issue Tracker)平台上，有用户提议为Android 9.0引入黑暗模式。</p>,//copy.yesky.com/reshipart.jsp?aid=547411663,"Sat, 24 Feb 2018 07:57:15 +0800",这次可能性很大:黑暗模式或将登陆谷歌Android P
<p>根据一份所提交的Android开源项目源代码，Android P拥有一项全新的设置，该系统将禁止后台的闲置应用访问到相机。</p>,//copy.yesky.com/reshipart.jsp?aid=543665888,"Wed, 21 Feb 2018 09:17:47 +0800",安全性能UP:Android P或禁止闲置应用访问手机相机
<p>近日，vivo就公布了旗下将升级到谷歌Android 8.0 Oreo系统的机型。</p>,//copy.yesky.com/reshipart.jsp?aid=531220796,"Sun, 11 Feb 2018 14:04:41 +0800",vivo公布可吃上奥利奥系统的机型名单:X20率先
<p>苹果对外证实泄露iOS 9 iBoot源码的是一位实习生，其泄漏源代码的初衷也出乎所有人的意料。</p>,//copy.yesky.com/reshipart.jsp?aid=530963746,"Sun, 11 Feb 2018 09:11:40 +0800",iOS源代码遭泄露 苹果:这是实习生干的事情
<p>近日，Android开放源代码项目(Android Open Source Project)被发现增加了对播放“通话录音音调”的支持，每15秒钟录音内容就将被重复一次。</p>,//copy.yesky.com/reshipart.jsp?aid=523340791,"Mon, 5 Feb 2018 09:22:02 +0800",是时候改变了:Android P或将支持电话录音原生功能
"<p>根据彭博社最新消息，新一代macOS系统或许并不会过度关注功能性，相反，今年macOS团队将把重心调整到系统的稳定性上。
</p>",//copy.yesky.com/reshipart.jsp?aid=518510461,"Thu, 1 Feb 2018 14:07:57 +0800",传新一代macOS系统并不会带来海量新功能 强调平台稳定性
"<p>据最新消息，macOS团队今年也将着重升级平台的性能和安全，但Mac运行iPad应用这一重大功能却不会被延期到明年推送。
</p>",//copy.yesky.com/reshipart.jsp?aid=518271283,"Thu, 1 Feb 2018 09:38:52 +0800",大约在今年:你就可在Mac上使用iPad应用了
"<p>苹果最新的开发者支持页面透露在所有兼容设备中，iOS 11系统的安装率已经达到了65%。
</p>",//copy.yesky.com/reshipart.jsp?aid=504289515,"Sun, 21 Jan 2018 09:33:00 +0800",苹果iOS 11系统安装率已达65%:还是iOS 10号召力更强
<p>近日，谷歌在印度推出了简化版的Android系统Android Oreo Go，以获得更多入门级用户的青睐。</p>,//copy.yesky.com/reshipart.jsp?aid=445823202,"Wed, 6 Dec 2017 09:41:12 +0800",量身而定:为获更多入门级用户 谷歌向印度推出简化版Android系统
<p>据Galaxy Club消息，三星已经开始为Galaxy S9测试Android 8.0 Oreo系统了。</p>,//copy.yesky.com/reshipart.jsp?aid=436905437,"Wed, 29 Nov 2017 10:11:18 +0800",传三星已开始为Galaxy S9测试奥利奥系统
"<p>　英国三星在Samsung Members(三星会员)社区中透露公司正在为Galaxy S8打造第三个测试固件，不仅如此，该固件已经近乎完善，并会在“很快的近期”上线。
</p>",//copy.yesky.com/reshipart.jsp?aid=429849362,"Thu, 23 Nov 2017 21:05:22 +0800",三星S8很快将吃上奥利奥;第三个固件近期发
<p>在追求效率的快节奏生活中，笔记本电脑的轻薄便携性一直是职场用户选择办公的重要因素。但众多厂商为提高轻薄而忽略了性能硬件，最终导致产品华而不实。华硕最近推出的轻薄型笔记本电脑灵耀3，其不仅拥有约11.9mm的时尚轻薄机身，还搭配了第七代英特尔酷睿i7处理器以及疾速稳定的大容量512GB固态硬盘，满足用户对笔记本便携性的同时，还提供疾速的性能体验。另外，凡是购买灵耀3笔记本即可获得预装价值749元的office 家庭和学生版2016，激活后可长期使用。现在灵耀3在京东推出的各项优惠，其各项优惠力度也十分丰厚。</p>,//copy.yesky.com/reshipart.jsp?aid=105299271,"Thu, 29 Sep 2016 11:12:30 +0800",小心快感上瘾 灵耀3强劲性能唯快不破
"<p>　　2012年6月乐凡F1上市，到2015年12月首款跨界产品——超极本S1系列上市，从一代到四代，从双核到四核，从F系列到S系列，乐凡不断推陈出新。一路走来，早已获得业界的认同，但我们时刻铭记，今日的成功离不开您的支持与厚爱。2014年F1以旧换新开创了业界先河，这一次，我们再度领先，推出F2""以旧换新乐凡S1""震撼活动.</p>",//copy.yesky.com/reshipart.jsp?aid=100051634,"Tue, 19 Jan 2016 10:31:24 +0800",以旧换新乐凡S1 2K屏超极本更优惠
<p>2015年1月6日，美国拉斯维加斯（2016 CES消费电子展）——Razer（雷蛇），全球玩家互动设备与软件品牌今天宣布推出Razer Blade Stealth灵刃潜行版，这是一款拥有极纤薄时尚外观，新款英特尔酷睿i7处理器以及惊艳的4K显示屏的超极本。此款超纤薄笔记本电脑还具备连接Razer Core战核显卡扩展坞的功能，助玩家实现台式机一样的强劲游戏性能。</p>,//copy.yesky.com/reshipart.jsp?aid=99786744,"Wed, 6 Jan 2016 15:26:01 +0800",Razer推出新款超极本 这次买得起了
"<p>　　盛夏临近，想要清爽出行的朋友都将目光集中在了轻薄金属本身上，神舟土豪金超级本飞天UI47G D2也由此再度受到大家的关注。这款超级本以金色外衣配合拉丝工艺、合金材质，尽显精致高贵，14英寸瑰丽屏配以19mm机身更添轻薄灵巧;配置上，这款本本搭载了超低电压双核处理器i7-3537U，运行和功耗表现出色，搭配英特尔高清显卡、4G内存、500G硬盘等硬件，综合性能均衡实用，可游刃有余的处理日常办公和娱乐任务。现在，这款超级本售价仅为2999元，轻薄外观、实用性能，加上3000元内的售价，相信这款本本会在这个夏天揽获不少人气。

</p>",//copy.yesky.com/reshipart.jsp?aid=63485887,"Wed, 13 May 2015 06:00:00 +0800",2999元冰点价  神舟i7土豪金超级本UI47G
"<p>　　北京时间4月28日15时，国内平板电脑领先品牌昂达电子，携英特尔、微软，于广州W酒店召开了一场主题为“速度与激情”的Core M二合一超级本新品发布会。昂达、英特尔、微软、天猫电器城的高层领导与国内主流媒体、网友共同参与了本次发布会。发布会中，备受关注的首款Core M二合一超级本“V116w Core M”正式发布。它采用英特尔最新Core M处理器，并融入11.6英寸全贴合屏、SSD固态硬盘、4GB内存、预装Windows8.1等顶配。新品售价更为震撼，64GB仅2799元、128GB仅2999元，这是迄今最超值的Core M超极本!

</p>",//copy.yesky.com/reshipart.jsp?aid=60823645,"Wed, 29 Apr 2015 10:43:11 +0800",2799起 昂达携英特尔&微软首发酷睿M超级本
<p>尽管移动终端的冲击让昔日风光的笔记本步入夕阳，但这不影响游戏对笔记本行业的强势推动，从这两年火的一塌糊涂游戏PC就能看出端倪。近日，京东销售火爆的一款笔记本电脑海尔S410就祭出了I7高配版新品，标出3599元“新鲜”价，叫嚣网友“任性玩”。</p>,//copy.yesky.com/reshipart.jsp?aid=57112430,"Thu, 9 Apr 2015 17:52:35 +0800",任性玩 海尔S410酷睿I7游戏超极本3599预约
"<p>　国内新锐电子品牌伟彦在北京时间1月20日晚8时举行了“WOW，103!”网络新品发布会，旗舰产品PH103二合一电脑第一次亮相。该机搭载英特尔酷睿M处理器，配备11.6英寸高清屏，分辨率1980×1080，价格亲民：大地版(4G+64G SSD)PH103首发价2999元，公售价3299元;银河版(4G+128G SSD)首发价3299元，公售价3599元。拓展坞的价格也很给力，吸附式键盘售369元，拓展坞售499元。一经发售，PH103就受到广大用户的热捧，战绩十分可观。
</p>",//copy.yesky.com/reshipart.jsp?aid=46571334,"Tue, 27 Jan 2015 10:36:19 +0800",精工出细活 伟彦酷睿M超极本PH103遭抢购
"<p>伟彦昨晚如约带来了最新的二合一超极本PH103，和此前曝光几乎一致。这是一款集性能和便携于一身的新品，分别有大地板（4G+64G SSD）、银河版（4G+128G SSD）、宇宙版（4G+128G SSD+电磁屏+电磁笔）三个版本可选，售价为2999元起，再一次刷新了行业的价格标准。目前，PH103已在官网正式开卖。

</p>",//copy.yesky.com/reshipart.jsp?aid=45905604,"Wed, 21 Jan 2015 15:27:12 +0800",WOW！伟彦PH103超极本2999开售 火力全开
"<p>　　2015年，时值新天下集团成立20周年暨神舟电脑成立14周年之际，神舟将旗下如飞天超极本、战神笔记本、精盾笔记本等系列产品降价狂促，今天推荐的飞天UI47G D2便是飞天系列中最亮眼的笔记本之一。它以金色外衣配合拉丝工艺、合金材质，尽显精致高贵，14英寸瑰丽屏配以19mm机身更添轻薄灵巧;配置上，搭载了超低电压双核处理器i7-3537U，运行和功耗表现出色，搭配英特尔高清显卡、4G内存、500G硬盘等硬件，综合性能均衡实用，可游刃有余的处理日常办公和娱乐任务。现在售价仅为2999元，可谓是新春最佳好礼了!

</p>",//copy.yesky.com/reshipart.jsp?aid=43627947,"Wed, 31 Dec 2014 06:00:00 +0800",20年感恩回馈 神舟土豪金i7超级本2999
"<p>　　迎元旦，神舟感恩大回馈：飞天U55C-i44572S1(以下简称飞天U55C-i4)新品震撼价3699元。这款超极本身披土豪金时尚外衣，内具英特尔四核处理器与4G内存，128G SSD+500G HDD双硬盘组合，加上1080P全高清屏、智能高清显卡等，综合实力可从容应对工作娱乐多元任务。

</p>",//copy.yesky.com/reshipart.jsp?aid=42862388,"Tue, 23 Dec 2014 06:00:00 +0800",全高清四核超极本神舟U55C震撼价3699元
"<p>　　即将迎来圣诞，大家是否已经为亲友准备好了圣诞礼物？今天，小编就给正在物色圣诞礼物的朋友一个不错的推荐——精美靓丽的土豪金超级本神舟飞天UI47G D2。这款超级本以金色外衣配合拉丝工艺、合金材质，尽显精致高贵，14英寸瑰丽屏配以19mm机身更添轻薄灵巧;配置上，这款本本搭载了超低电压双核处理器i7-3537U，运行和功耗表现出色，搭配英特尔高清显卡、4G内存、500G硬盘等硬件，综合性能均衡实用，可游刃有余的处理日常办公和娱乐任务。现在，这款超级本售价仅为2999元，时尚与性能兼具，相信会是一份能让伙伴、家人喜笑颜开的圣诞礼物。

</p>",//copy.yesky.com/reshipart.jsp?aid=42849980,"Mon, 22 Dec 2014 10:56:13 +0800",仅2999!神舟土豪金超级本UI47G闪耀圣诞节
"<p>　　双12盛典期间，除了战神游戏笔记本给出大幅让利外，神舟电脑还将旗下飞天系列超级本特惠促销。神舟飞天UI41拥有仅为19mm的轻薄机身，配以土豪金/睿智黑/中国红/星光银四色炫彩外观，是时尚达人的不二之选。配置上，双核+4G内存的组合可从容应对日常学习娱乐，加上处理器的超低电压优势，你也可以享受到长久续航能力带来的便捷。现在购买，劲爆价仅需1799元，感兴趣的朋友不妨关注下!

</p>",//copy.yesky.com/reshipart.jsp?aid=41939920,"Fri, 12 Dec 2014 06:00:00 +0800",12.12盛典 神舟14吋四色超级本UI41仅需1799
"<p>　　轻薄便携本中，神舟飞天系列以不断提升的工业设计受到越来越多人的认可。现在，双12临近，该系列也派出猛将——土豪金超级本飞天UI47G D2出击大促战。这款超级本以靓丽金色外衣配合拉丝工艺与合金材质，精致高贵依旧，14英寸瑰丽屏配以19mm机身更添轻薄灵巧;配置上，它搭载超低电压i7处理器，运行和功耗表现更加出色，搭配英特尔高清显卡、4G内存、500G硬盘等硬件，综合性能均衡实用，可游刃有余的处理日常办公和娱乐任务。双12期间，这款i7土豪金超级本将以2899元的低价，在神舟电脑天猫官方旗舰店出售，感兴趣的朋友不妨收藏购买地址//hasee.tmall.com/，赶紧关注起来。

</p>",//copy.yesky.com/reshipart.jsp?aid=41863789,"Thu, 11 Dec 2014 06:00:00 +0800",双12特价!土豪金超级本神舟UI47G仅售2899
"<p>　　超级本因其轻巧外形、稳定性能受到大家的喜爱，而神舟飞天系列堪属其中的性价比翘楚，当下该系列也强势出击双12，为大家奉上了多款特惠产品，今天小编就为大家推荐其中一款——独显超级本神舟飞天UN43 D3。这款超极本配备14寸LED屏，并以酷睿i3处理器与GT645M 2G独显搭建起游戏本级别的性能平台，可轻松运行各类游戏。双12期间，这款独显超级本将以2399元爆款价出售，感兴趣的朋友不防赶紧关注起来。

</p>",//copy.yesky.com/reshipart.jsp?aid=41863785,"Thu, 11 Dec 2014 06:00:00 +0800",就是任性!神舟2G独显超级本UN43爆款价2399
"<p>　　在刚刚过去的10月30日，神舟电脑发布了一款拥有土豪金配色的超极本——飞天UI47G D2。神舟的飞天系列主打的是轻薄和时尚路线，此款飞天UI47G D2外观非常靓丽， A面为铝合金材质，采用阳极氧化工艺，触感细腻，并且不容易留下指纹，非常大气，加上“土豪金”的配色，尽显高贵典雅。

</p>",//copy.yesky.com/reshipart.jsp?aid=39962559,"Thu, 6 Nov 2014 11:32:48 +0800",3K档最美i7超级本!神舟飞天UI47G简评
"<p>　　3000元内入手一款做工、配置都不错的超级本，是许多消费者不曾想到的福利，今天，小编就为大家搜罗到了这样一则促销信息——神舟土豪金飞天超级本UI47G D2仅售2999元，相信会让许多朋友心动不已。这款超级本外观基本与D1一致，靓丽金色外衣配合拉丝工艺与合金材质，精致高贵依旧，14英寸瑰丽屏配以19mm机身更添轻薄灵巧;配置上，相比于D1的I7-3517U，这款本本处理器升级，它搭载了超低电压双核处理器i7-3537U，运行和功耗表现更加出色，搭配英特尔高清显卡、4G内存、500G硬盘等硬件，综合性能均衡实用，可游刃有余的处理日常办公和娱乐任务。现在，这款实力升级的i7土豪金超级本售价仍然保持在3000元内，感兴趣的朋友不妨多关注一下。

</p>",//copy.yesky.com/reshipart.jsp?aid=39634854,"Fri, 24 Oct 2014 11:11:40 +0800",精致轻薄 土豪金i7超级本神舟UI47仅2999
"<p>　　iPhone6的“逼格十足”再度让大家感叹“肾都不够卖了”，其实，普通消费者大可不必为此纠结，因为随着IT产业的成熟，许多国内品牌也有很多实力、外观都不错，且售价亲民的产品，比如今天小编要推荐给大家的神舟飞天UI41 D3，就是超级本里首屈一指的兼具时尚、实力与实惠的产品。这款14英寸本本拥有19mm厚的轻薄机身，十分便于外出携带，加上土豪金/睿智黑/中国红/星光银四色炫彩外衣，尽显时尚活力;配置上，双核+4G内存的组合可从容应对日常学习娱乐，加上处理器的超低电压优势，你也可以享受到长久续航能力带来的便捷。现在，这款本本正在进行开学特惠，售价低至1899元，从外观、配置和售价等方面来看，都十分适合学生党们。

</p>",//copy.yesky.com/reshipart.jsp?aid=39060793,"Mon, 15 Sep 2014 13:31:37 +0800",1899元即可秀逼格 神舟土豪金超级本UI41
"<p>　　合金外衣、i7芯、触控、超极本、4000元以内，根据以往的市场行情，鲜有厂商能够将这几个要素集中于一款本本上，现在，素有“价格屠夫”之称的神舟电脑就打破陈规，为大家带来了这样一款惊喜之作——神舟飞天UT47 D1。这是一款由三面铝合金外壳打造而成的触控超极本，其主色调为银白主色，加上流畅边线、圆润转角，有着媲美Macbook的劲头。除了出色外观与做工，它的内部配置也实力夯实，英特尔酷睿i7处理器、4G DDR3内存与HD4000核芯显卡均性能不俗，应对日常学习、娱乐绰绰有余，128G SSD固态硬盘读取速度能达到550MB/S以上，快速开机、敏捷响应不在话下。值得一提的是，飞天UT47还配备了14英寸LED背光高亮宽屏，配合支持十点触控的智能触摸屏，以及最新Windows 8操作系统，势必为你带来丰富多元的操作体验。最为给力的是，这款做工优良的i7触控超极本售价低至3899元，可以说再度刷新了同类产品的底价。

</p>",//copy.yesky.com/reshipart.jsp?aid=39000103,"Thu, 11 Sep 2014 13:39:36 +0800",精美合金身!神舟i7触控超极本UT47仅3899
"<p>　　昨晚凌晨，iPhone6终于在万众瞩目中亮出真身，在经历了5S土豪金版的大卖后，新发布的iPhone6三色款中仍然出现了土豪金配色，这或许将令IT市场土豪金的热度再度升温。小编今天要推荐的本本正是一款拥有土豪金外衣的超级本——神舟飞天UI47G D1，倾心于土豪金IT装备的朋友不妨来了解一下。这款本本以合金材质金色外衣搭配拉丝工艺，尽显高贵质感，仅19mm的轻薄机身彰显灵动。配置上，它搭载超低电压双核处理器i7-3517U，运行和功耗表现俱佳，搭配英特尔HD4000核芯显卡、4G内存、500G硬盘等硬件，综合性能均衡实用，可游刃有余的处理日常办公和娱乐任务。最重要的是，现在这款本本售价低至2999元，3000元以内的售价将令更多朋友享受到精致超级本的魅力。

</p>",//copy.yesky.com/reshipart.jsp?aid=38983675,"Wed, 10 Sep 2014 11:54:02 +0800",就要土豪金!神舟i7超级本UI47G金色版2999
"<p>　　在外观做工方面，神舟电脑一直饱受争议，其实客观来讲，神舟现有的产品中其实并不缺少靓丽时尚之作，比如这款触控超极本飞天UT47 D1。这款超极本则打破神舟低调内敛的外观风格，由三面铝合金外壳打造而成，主色调为银白主色，加上流畅边线、圆润转角，有着媲美Macbook的劲头。除了出色外观与做工，它的内部配置也实力夯实，英特尔酷睿i7处理器、4G DDR3内存与HD4000核芯显卡均性能不俗，应对日常学习、娱乐绰绰有余，128G SSD固态硬盘读取速度能达到550MB/S以上，快速开机、敏捷响应不在话下。值得一提的是，飞天UT47还配备了14英寸LED背光高亮宽屏，配合支持十点触控的智能触摸屏，以及最新Windows 8操作系统，势必为你带来丰富多元的操作体验。现在，神舟飞天UT47 D1售价仅为3899元，是一款兼具外观与实力的诚意之作。

</p>",//copy.yesky.com/reshipart.jsp?aid=38910148,"Fri, 5 Sep 2014 13:25:57 +0800",外观内配都不落 神舟i7触控超极本UT47
<p>上海交大-平湖智能光电研究院参与了本次展会，介绍了其光电子封测业务。</p>,//copy.yesky.com/reshipart.jsp?aid=2147451020,"Mon, 3 Apr 2023 14:52:09 +0800",上海交大-平湖智能光电研究院 助力光电企业成长
<p>江苏集萃脑机融合智能技术研究所有限公司展示了最新的神经电极传感器产品、方案</p>,//copy.yesky.com/reshipart.jsp?aid=2147450978,"Mon, 3 Apr 2023 14:51:56 +0800",国内首款，江苏集萃脑电所展出64导凝胶脑电帽
<p>汉希科特半导体展出了流量传感器、微流控式细胞打印头，气体传感器等新品新技术。</p>,//copy.yesky.com/reshipart.jsp?aid=2147450927,"Mon, 3 Apr 2023 14:51:40 +0800",汉希科特半导体：引进德国传感器技术，目标全产业链自主可控
<p>传感生态圈总经理刘鹏接受天极网采访，介绍传感生态圈的运营模式，行业趋势等。</p>,//copy.yesky.com/reshipart.jsp?aid=2147450889,"Mon, 3 Apr 2023 14:51:09 +0800",传感生态圈：绘制产业图谱，打通从材料到终端应用的链条
<p>3月24日晚间，挚文集团(原陌陌科技)公布了2021年第四季度及全年财报。</p>,//copy.yesky.com/reshipart.jsp?aid=725830059,"Fri, 25 Mar 2022 11:31:41 +0800",挚文集团2021年游戏营收达4780万元，同比增长21%
<p>尽管时代更迭，爱情仍是一个亘古不变的永恒话题，折射出一个灵魂对另一个灵魂的渴望。</p>,//copy.yesky.com/reshipart.jsp?aid=725827227,"Tue, 8 Mar 2022 11:40:40 +0800",探探爱情公开课第二讲，复旦沈奕斐教你在恋爱中避雷
<p>三八妇女节之际，备受年轻人喜爱的社交平台探探发布了一份《新女性择偶标准》报告。</p>,//copy.yesky.com/reshipart.jsp?aid=725827010,"Mon, 7 Mar 2022 11:46:56 +0800",探探《新女性择偶标准》报告：00后最不介意伴侣收入比自己低
<p>天眼查，在虎年伊始提出了全新的品牌主张——“查商业，用天眼查”。</p>,//copy.yesky.com/reshipart.jsp?aid=725823966,"Wed, 16 Feb 2022 14:38:18 +0800",天眼查官宣产品体验官矩阵  发布2022品牌新主张“查商业，用天眼查”
<p>近日，猎户星空再传捷报，机器人豹小秘获DoNews 2021灵犀奖“最佳产品奖”。</p>,//copy.yesky.com/reshipart.jsp?aid=725820750,"Thu, 20 Jan 2022 14:52:02 +0800",从“酷”到“实用”，猎户星空服务机器人上岗10000+家客户变身智能生产力
<p>汉王科技利用OCR识别技术对古籍进行识别与收录，快速且高效地完成古籍保护工作。</p>,//copy.yesky.com/reshipart.jsp?aid=725820528,"Wed, 19 Jan 2022 14:44:31 +0800",传承民族文脉  汉王科技用AI 技术唤醒满文古籍，让文化遗产“活起来”
<p>12月10日，2021未来商业生态链接大会召开，万兴科技副总裁谷成芳接受了现场访谈。</p>,//copy.yesky.com/reshipart.jsp?aid=725813363,"Tue, 14 Dec 2021 18:06:20 +0800",为构建元宇宙提供动力 对话万兴科技副总裁谷成芳
<p>12月2日，索尼首款无人机Airpeak S1正式开售，价格为9000美元(约合人民币57300元)。</p>,//copy.yesky.com/reshipart.jsp?aid=725811248,"Thu, 2 Dec 2021 17:55:14 +0800",索尼首款无人机Airpeak S1开售，售价近6万！
<p>12月14日至15日，2021年第二届上海数字创新大会即将在上海跨国采购会展中心召开。</p>,//copy.yesky.com/reshipart.jsp?aid=725810826,"Wed, 1 Dec 2021 16:57:14 +0800",洞见数字化未来，2021上海数字创新大会将于12月14日至15日召开！
<p>北京时间11月30日，挚文集团(Nasdaq: MOMO)公布了2021年第三季度未经审计的财务业绩。</p>,//copy.yesky.com/reshipart.jsp?aid=725810673,"Tue, 30 Nov 2021 17:33:47 +0800",挚文集团2021年Q3净营收37.592亿元，环比增长2.4%
<p>据网络安全应急技术国家工程实验室发布的消息，丹麦维斯塔斯日前遭遇网络攻击。</p>,//copy.yesky.com/reshipart.jsp?aid=725810440,"Mon, 29 Nov 2021 17:21:32 +0800",风电巨头遭遇网络攻击倒逼强化数字化安全，市场有望突破250亿元
<p>社交平台探探发布了一支聚焦日常社交中性别语言暴力的公益短片《看不见的暴力》。</p>,//copy.yesky.com/reshipart.jsp?aid=725809633,"Thu, 25 Nov 2021 10:04:25 +0800",探探发布《反社交语言暴力指南》，提倡消除对女性的语言暴力
<p>北京时间11月24日，猎豹移动发布2021年Q3财报。资产负债表保持强劲。</p>,//copy.yesky.com/reshipart.jsp?aid=725809543,"Wed, 24 Nov 2021 16:57:25 +0800",猎豹移动2021年Q3财报：AI和其他收入环比增长62.8%，现金储备和长期投资42.76亿元
<p>“酒精是一类致癌物，就算酒里有些‘有益成分’，也被酒精碾压了。</p>,//copy.yesky.com/reshipart.jsp?aid=725809529,"Wed, 24 Nov 2021 16:35:07 +0800",360快资讯《不吐不快》：喝点小酒和滴酒不沾哪个更健康？
<p>吴茂林是土生土长的重庆人，重庆是中国IT行业中重要的三大IT媒体发源地。</p>,//copy.yesky.com/reshipart.jsp?aid=725809470,"Wed, 24 Nov 2021 14:32:54 +0800",第一观点吴茂林：良知是自媒体人的创业底线
<p>22日，360公司创始人、董事长周鸿祎发微博，将问题的矛头指向车企云端服务器。</p>,//copy.yesky.com/reshipart.jsp?aid=725809261,"Tue, 23 Nov 2021 15:16:42 +0800",周鸿祎评特斯拉“断网”：车企云端服务器安全隐患巨大
